Timestamp,force (lbf),mass measurement (g)
12.28,0.005401325,2.45
12.29,0.005202909,2.36
12.31,0.004607661,2.09
12.32,0.003549442,1.61
12.33,0.003659674,1.66
12.34,0.004585615,2.08
12.35,0.004431291,2.01
12.36,0.003880136,1.76
12.37,0.003813997,1.73
12.38,0.005004493,2.27
12.39,0.00449743,2.04
12.4,0.004100598,1.86
12.41,0.003791951,1.72
12.43,0.004784031,2.17
12.44,0.004806077,2.18
12.45,0.003813997,1.73
12.46,0.004100598,1.86
12.47,0.00485017,2.2
12.48,0.004078552,1.85
12.49,0.00385809,1.75
12.5,0.00485017,2.2
12.51,0.00449743,2.04
12.52,0.004188783,1.9
12.53,0.004629708,2.1
12.55,0.004916308,2.23
12.56,0.004717892,2.14
12.57,0.004475384,2.03
12.58,0.004739939,2.15
12.59,0.004585615,2.08
12.6,0.004365153,1.98
12.61,0.004365153,1.98
12.62,0.004122644,1.87
12.63,0.004806077,2.18
12.64,0.004938355,2.24
12.65,0.005269048,2.39
12.66,0.005202909,2.36
12.68,0.004960401,2.25
12.69,0.004695846,2.13
12.7,0.004563569,2.07
12.71,0.004916308,2.23
12.72,0.005643834,2.56
12.73,0.004982447,2.26
12.74,0.005335187,2.42
12.75,0.00566588,2.57
12.76,0.00502654,2.28
12.77,0.005048586,2.29
12.78,0.00502654,2.28
12.8,0.005291094,2.4
12.81,0.005533603,2.51
12.82,0.005202909,2.36
12.83,0.005445418,2.47
12.84,0.005930435,2.69
12.85,0.005533603,2.51
12.86,0.005136771,2.33
12.87,0.004409245,2
12.88,0.005401325,2.45
12.89,0.006217036,2.82
12.9,0.005643834,2.56
12.92,0.004938355,2.24
12.93,0.005224956,2.37
12.94,0.005247002,2.38
12.95,0.005621788,2.55
12.96,0.005577695,2.53
12.97,0.005180863,2.35
12.98,0.005335187,2.42
12.99,0.006172943,2.8
13,0.005754065,2.61
13.01,0.005070632,2.3
13.02,0.005070632,2.3
13.04,0.00485017,2.2
13.05,0.0046738,2.12
13.06,0.005202909,2.36
13.07,0.005291094,2.4
13.08,0.005224956,2.37
13.09,0.005533603,2.51
13.1,0.005886342,2.67
13.11,0.005687926,2.58
13.12,0.004784031,2.17
13.14,0.004695846,2.13
13.15,0.005291094,2.4
13.16,0.005467464,2.48
13.17,0.005224956,2.37
13.18,0.004739939,2.15
13.19,0.005158817,2.34
13.2,0.005092678,2.31
13.21,0.004938355,2.24
13.22,0.004695846,2.13
13.23,0.004960401,2.25
13.24,0.005467464,2.48
13.25,0.004806077,2.18
13.27,0.005533603,2.51
13.28,0.00584225,2.65
13.29,0.005754065,2.61
13.3,0.005820204,2.64
13.31,0.005577695,2.53
13.32,0.00566588,2.57
13.33,0.005202909,2.36
13.34,0.005643834,2.56
13.35,0.005092678,2.31
13.36,0.004695846,2.13
13.38,0.005092678,2.31
13.39,0.005467464,2.48
13.4,0.006172943,2.8
13.41,0.006261128,2.84
13.42,0.006702053,3.04
13.43,0.006327267,2.87
13.44,0.00619499,2.81
13.45,0.005908389,2.68
13.46,0.005555649,2.52
13.47,0.006084758,2.76
13.48,0.006040666,2.74
13.49,0.005114724,2.32
13.51,0.004938355,2.24
13.52,0.005291094,2.4
13.53,0.005445418,2.47
13.54,0.005423372,2.46
13.55,0.004960401,2.25
13.56,0.005511557,2.5
13.57,0.005577695,2.53
13.58,0.005202909,2.36
13.59,0.005136771,2.33
13.6,0.005974527,2.71
13.61,0.006217036,2.82
13.63,0.005820204,2.64
13.64,0.005511557,2.5
13.65,0.005445418,2.47
13.66,0.005599741,2.54
13.67,0.005577695,2.53
13.68,0.005467464,2.48
13.69,0.005577695,2.53
13.7,0.005820204,2.64
13.71,0.005754065,2.61
13.72,0.00566588,2.57
13.73,0.006393406,2.9
13.75,0.005136771,2.33
13.76,0.004761985,2.16
13.77,0.005467464,2.48
13.78,0.005379279,2.44
13.79,0.005291094,2.4
13.8,0.005224956,2.37
13.81,0.005776111,2.62
13.82,0.006084758,2.76
13.83,0.005709973,2.59
13.84,0.005643834,2.56
13.85,0.006062712,2.75
13.87,0.00584225,2.65
13.88,0.00485017,2.2
13.89,0.005114724,2.32
13.9,0.005511557,2.5
13.91,0.005070632,2.3
13.92,0.005754065,2.61
13.93,0.005908389,2.68
13.94,0.00566588,2.57
13.95,0.005732019,2.6
13.96,0.005180863,2.35
13.98,0.005687926,2.58
13.99,0.006106805,2.77
14,0.00584225,2.65
14.01,0.005423372,2.46
14.02,0.005269048,2.39
14.03,0.004607661,2.09
14.04,0.004739939,2.15
14.05,0.004761985,2.16
14.06,0.005335187,2.42
14.07,0.006349313,2.88
14.09,0.006261128,2.84
14.1,0.006150897,2.79
14.11,0.006327267,2.87
14.12,0.005555649,2.52
14.13,0.005269048,2.39
14.14,0.005180863,2.35
14.15,0.004960401,2.25
14.16,0.005158817,2.34
14.17,0.005379279,2.44
14.18,0.005798157,2.63
14.19,0.006327267,2.87
14.2,0.00584225,2.65
14.22,0.005555649,2.52
14.23,0.005732019,2.6
14.24,0.005423372,2.46
14.25,0.004982447,2.26
14.26,0.005599741,2.54
14.27,0.005776111,2.62
14.28,0.006459544,2.93
14.29,0.006128851,2.78
14.3,0.005599741,2.54
14.31,0.006261128,2.84
14.32,0.005952481,2.7
14.34,0.005709973,2.59
14.35,0.005643834,2.56
14.36,0.005864296,2.66
14.37,0.005798157,2.63
14.38,0.005908389,2.68
14.39,0.006106805,2.77
14.4,0.005798157,2.63
14.41,0.006261128,2.84
14.42,0.006503637,2.95
14.43,0.006613868,3
14.44,0.006327267,2.87
14.46,0.006459544,2.93
14.47,0.006393406,2.9
14.48,0.006305221,2.86
14.49,0.005820204,2.64
14.5,0.005930435,2.69
14.51,0.00601862,2.73
14.52,0.005754065,2.61
14.53,0.006239082,2.83
14.54,0.006613868,3
14.55,0.006547729,2.97
14.56,0.006591822,2.99
14.58,0.006305221,2.86
14.59,0.005930435,2.69
14.6,0.005776111,2.62
14.61,0.006503637,2.95
14.62,0.006283174,2.85
14.63,0.006481591,2.94
14.64,0.006503637,2.95
14.65,0.006261128,2.84
14.66,0.006613868,3
14.67,0.005820204,2.64
14.69,0.005467464,2.48
14.7,0.005930435,2.69
14.71,0.006371359,2.89
14.72,0.005621788,2.55
14.73,0.005202909,2.36
14.74,0.00584225,2.65
14.75,0.005577695,2.53
14.76,0.005555649,2.52
14.77,0.005908389,2.68
14.78,0.005754065,2.61
14.79,0.006150897,2.79
14.81,0.006305221,2.86
14.82,0.006415452,2.91
14.83,0.006305221,2.86
14.84,0.005996574,2.72
14.85,0.006591822,2.99
14.86,0.005952481,2.7
14.87,0.00566588,2.57
14.88,0.006613868,3
14.89,0.007253208,3.29
14.9,0.006746145,3.06
14.91,0.006503637,2.95
14.93,0.006547729,2.97
14.94,0.00665796,3.02
14.95,0.005864296,2.66
14.96,0.005996574,2.72
14.97,0.006613868,3
14.98,0.006900469,3.13
14.99,0.00619499,2.81
15,0.005952481,2.7
15.01,0.00601862,2.73
15.02,0.005445418,2.47
15.03,0.005798157,2.63
15.05,0.006327267,2.87
15.06,0.00619499,2.81
15.07,0.005952481,2.7
15.08,0.006944561,3.15
15.09,0.006591822,2.99
15.1,0.005908389,2.68
15.11,0.006305221,2.86
15.12,0.006437498,2.92
15.13,0.005776111,2.62
15.14,0.006062712,2.75
15.15,0.006239082,2.83
15.16,0.006217036,2.82
15.18,0.005709973,2.59
15.19,0.006172943,2.8
15.2,0.005555649,2.52
15.21,0.00619499,2.81
15.22,0.006790238,3.08
15.23,0.005621788,2.55
15.24,0.006349313,2.88
15.25,0.007253208,3.29
15.26,0.007098885,3.22
15.27,0.006481591,2.94
15.29,0.00665796,3.02
15.3,0.006900469,3.13
15.31,0.007275255,3.3
15.32,0.007495717,3.4
15.33,0.007451624,3.38
15.34,0.006790238,3.08
15.35,0.006481591,2.94
15.36,0.006084758,2.76
15.37,0.006084758,2.76
15.38,0.0070107,3.18
15.4,0.007231162,3.28
15.41,0.006503637,2.95
15.42,0.006613868,3
15.43,0.006680007,3.03
15.44,0.006525683,2.96
15.45,0.006746145,3.06
15.46,0.005864296,2.66
15.47,0.005952481,2.7
15.48,0.006613868,3
15.49,0.006525683,2.96
15.5,0.006569775,2.98
15.52,0.006569775,2.98
15.53,0.00683433,3.1
15.54,0.006613868,3
15.55,0.006922515,3.14
15.56,0.007120931,3.23
15.57,0.007098885,3.22
15.58,0.006790238,3.08
15.59,0.006503637,2.95
15.6,0.006569775,2.98
15.61,0.006547729,2.97
15.62,0.006547729,2.97
15.64,0.007076839,3.21
15.65,0.006922515,3.14
15.66,0.007142977,3.24
15.67,0.006635914,3.01
15.68,0.006768191,3.07
15.69,0.00718707,3.26
15.7,0.006856376,3.11
15.71,0.007032746,3.19
15.72,0.00683433,3.1
15.73,0.006680007,3.03
15.74,0.006922515,3.14
15.76,0.006746145,3.06
15.77,0.006900469,3.13
15.78,0.006569775,2.98
15.79,0.006702053,3.04
15.8,0.006900469,3.13
15.81,0.007275255,3.3
15.82,0.007098885,3.22
15.83,0.007032746,3.19
15.84,0.006812284,3.09
15.85,0.006966607,3.16
15.86,0.006261128,2.84
15.88,0.006437498,2.92
15.89,0.006724099,3.05
15.9,0.007032746,3.19
15.91,0.007120931,3.23
15.92,0.007231162,3.28
15.93,0.007495717,3.4
15.94,0.007407532,3.36
15.95,0.007165024,3.25
15.96,0.0070107,3.18
15.97,0.007672087,3.48
15.98,0.007561856,3.43
15.99,0.007385486,3.35
16.01,0.006790238,3.08
16.02,0.006172943,2.8
16.03,0.006062712,2.75
16.04,0.005621788,2.55
16.05,0.006459544,2.93
16.06,0.007253208,3.29
16.07,0.007407532,3.36
16.08,0.00718707,3.26
16.09,0.007054792,3.2
16.1,0.00718707,3.26
16.11,0.006613868,3
16.13,0.006503637,2.95
16.14,0.00665796,3.02
16.15,0.006878423,3.12
16.16,0.007054792,3.2
16.17,0.00683433,3.1
16.18,0.007076839,3.21
16.19,0.006790238,3.08
16.2,0.007054792,3.2
16.21,0.006569775,2.98
16.23,0.005996574,2.72
16.24,0.006327267,2.87
16.25,0.006856376,3.11
16.26,0.007539809,3.42
16.27,0.008090965,3.67
16.28,0.007561856,3.43
16.29,0.007231162,3.28
16.3,0.007165024,3.25
16.31,0.006239082,2.83
16.32,0.005754065,2.61
16.33,0.006768191,3.07
16.34,0.006988654,3.17
16.36,0.007120931,3.23
16.37,0.006944561,3.15
16.38,0.006768191,3.07
16.39,0.006437498,2.92
16.4,0.006635914,3.01
16.41,0.006790238,3.08
16.42,0.006283174,2.85
16.43,0.006878423,3.12
16.44,0.007209116,3.27
16.45,0.00718707,3.26
16.47,0.006459544,2.93
16.48,0.005974527,2.71
16.49,0.006305221,2.86
16.5,0.006437498,2.92
16.51,0.007782318,3.53
16.52,0.00782641,3.55
16.53,0.006988654,3.17
16.54,0.006569775,2.98
16.55,0.006415452,2.91
16.56,0.006878423,3.12
16.57,0.007341393,3.33
16.58,0.007561856,3.43
16.6,0.006878423,3.12
16.61,0.006878423,3.12
16.62,0.0070107,3.18
16.63,0.007120931,3.23
16.64,0.007032746,3.19
16.65,0.006966607,3.16
16.66,0.007694133,3.49
16.67,0.007231162,3.28
16.68,0.006878423,3.12
16.69,0.00665796,3.02
16.7,0.006966607,3.16
16.72,0.007209116,3.27
16.73,0.007583902,3.44
16.74,0.007848457,3.56
16.75,0.007672087,3.48
16.76,0.00800278,3.63
16.77,0.007319347,3.32
16.78,0.006944561,3.15
16.79,0.007098885,3.22
16.8,0.006878423,3.12
16.81,0.006525683,2.96
16.83,0.006503637,2.95
16.84,0.007054792,3.2
16.85,0.007142977,3.24
16.86,0.006746145,3.06
16.87,0.006988654,3.17
16.88,0.007142977,3.24
16.89,0.006812284,3.09
16.9,0.007209116,3.27
16.91,0.007848457,3.56
16.92,0.007120931,3.23
16.93,0.007407532,3.36
16.94,0.006746145,3.06
16.96,0.006724099,3.05
16.97,0.006966607,3.16
16.98,0.007120931,3.23
16.99,0.007385486,3.35
17,0.007627994,3.46
17.01,0.007716179,3.5
17.02,0.007914595,3.59
17.03,0.007495717,3.4
17.04,0.006790238,3.08
17.05,0.007253208,3.29
17.07,0.007738225,3.51
17.08,0.007231162,3.28
17.09,0.007275255,3.3
17.1,0.00765004,3.47
17.11,0.006569775,2.98
17.12,0.006239082,2.83
17.13,0.007054792,3.2
17.14,0.007076839,3.21
17.15,0.006944561,3.15
17.16,0.006525683,2.96
17.17,0.007054792,3.2
17.19,0.008068919,3.66
17.2,0.008465751,3.84
17.21,0.007694133,3.49
17.22,0.007054792,3.2
17.23,0.007385486,3.35
17.24,0.006613868,3
17.25,0.006812284,3.09
17.26,0.007407532,3.36
17.27,0.00736344,3.34
17.28,0.007760272,3.52
17.3,0.007738225,3.51
17.31,0.007032746,3.19
17.32,0.00765004,3.47
17.33,0.0070107,3.18
17.34,0.007672087,3.48
17.35,0.007804364,3.54
17.36,0.006768191,3.07
17.37,0.007098885,3.22
17.38,0.00765004,3.47
17.39,0.006702053,3.04
17.41,0.006966607,3.16
17.42,0.007076839,3.21
17.43,0.006481591,2.94
17.44,0.007120931,3.23
17.45,0.006988654,3.17
17.46,0.007451624,3.38
17.47,0.007385486,3.35
17.48,0.00718707,3.26
17.49,0.007098885,3.22
17.5,0.007098885,3.22
17.51,0.007341393,3.33
17.52,0.007385486,3.35
17.53,0.00782641,3.55
17.55,0.007517763,3.41
17.56,0.007319347,3.32
17.57,0.007385486,3.35
17.58,0.007517763,3.41
17.59,0.007429578,3.37
17.6,0.007451624,3.38
17.61,0.007738225,3.51
17.62,0.007605948,3.45
17.63,0.00765004,3.47
17.64,0.008245289,3.74
17.66,0.007627994,3.46
17.67,0.007561856,3.43
17.68,0.007120931,3.23
17.69,0.007297301,3.31
17.7,0.007341393,3.33
17.71,0.00782641,3.55
17.72,0.008223242,3.73
17.73,0.008333474,3.78
17.74,0.00718707,3.26
17.75,0.007539809,3.42
17.76,0.007914595,3.59
17.77,0.007694133,3.49
17.79,0.007605948,3.45
17.8,0.00782641,3.55
17.81,0.007980734,3.62
17.82,0.007407532,3.36
17.83,0.007385486,3.35
17.84,0.007319347,3.32
17.85,0.007253208,3.29
17.86,0.0070107,3.18
17.87,0.007473671,3.39
17.88,0.0070107,3.18
17.9,0.006613868,3
17.91,0.006878423,3.12
17.92,0.007760272,3.52
17.93,0.007804364,3.54
17.94,0.008090965,3.67
17.95,0.007958688,3.61
17.96,0.00765004,3.47
17.97,0.007760272,3.52
17.98,0.00782641,3.55
17.99,0.007914595,3.59
18,0.007275255,3.3
18.01,0.007120931,3.23
18.03,0.007076839,3.21
18.04,0.007738225,3.51
18.05,0.008245289,3.74
18.06,0.008223242,3.73
18.07,0.007936641,3.6
18.08,0.008377566,3.8
18.09,0.008620074,3.91
18.1,0.008223242,3.73
18.11,0.00800278,3.63
18.12,0.00800278,3.63
18.14,0.008289381,3.76
18.15,0.008024826,3.64
18.16,0.007583902,3.44
18.17,0.007385486,3.35
18.18,0.007627994,3.46
18.19,0.008024826,3.64
18.2,0.008024826,3.64
18.21,0.007892549,3.58
18.22,0.007473671,3.39
18.23,0.00736344,3.34
18.25,0.008487797,3.85
18.25,0.008553936,3.88
18.27,0.007892549,3.58
18.28,0.007980734,3.62
18.29,0.008399612,3.81
18.3,0.008113011,3.68
18.31,0.00782641,3.55
18.32,0.007760272,3.52
18.33,0.007716179,3.5
18.34,0.008090965,3.67
18.35,0.008465751,3.84
18.36,0.007760272,3.52
18.37,0.006613868,3
18.39,0.006635914,3.01
18.4,0.007605948,3.45
18.41,0.00817915,3.71
18.42,0.008377566,3.8
18.43,0.008267335,3.75
18.44,0.007561856,3.43
18.45,0.007297301,3.31
18.46,0.007253208,3.29
18.47,0.007407532,3.36
18.49,0.007561856,3.43
18.5,0.007473671,3.39
18.51,0.007054792,3.2
18.52,0.00782641,3.55
18.53,0.008024826,3.64
18.54,0.007319347,3.32
18.55,0.007319347,3.32
18.56,0.0070107,3.18
18.57,0.007892549,3.58
18.58,0.008311427,3.77
18.59,0.007782318,3.53
18.6,0.007980734,3.62
18.62,0.008090965,3.67
18.63,0.007275255,3.3
18.64,0.007738225,3.51
18.65,0.007760272,3.52
18.66,0.00718707,3.26
18.67,0.007275255,3.3
18.68,0.006944561,3.15
18.69,0.007716179,3.5
18.7,0.007605948,3.45
18.71,0.007958688,3.61
18.73,0.007738225,3.51
18.74,0.008575982,3.89
18.75,0.00853189,3.87
18.76,0.007716179,3.5
18.77,0.007142977,3.24
18.78,0.007319347,3.32
18.79,0.007275255,3.3
18.8,0.00765004,3.47
18.81,0.007760272,3.52
18.82,0.00800278,3.63
18.83,0.008289381,3.76
18.84,0.007980734,3.62
18.86,0.008135057,3.69
18.87,0.008377566,3.8
18.88,0.008487797,3.85
18.89,0.008377566,3.8
18.9,0.008090965,3.67
18.91,0.00765004,3.47
18.92,0.00782641,3.55
18.93,0.008399612,3.81
18.94,0.008509843,3.86
18.95,0.008509843,3.86
18.97,0.008509843,3.86
18.98,0.008113011,3.68
18.99,0.007980734,3.62
19,0.008421658,3.82
19.01,0.008377566,3.8
19.02,0.008575982,3.89
19.03,0.008333474,3.78
19.04,0.008068919,3.66
19.05,0.008090965,3.67
19.06,0.007804364,3.54
19.07,0.007120931,3.23
19.08,0.007209116,3.27
19.1,0.007583902,3.44
19.11,0.00835552,3.79
19.12,0.008421658,3.82
19.13,0.008024826,3.64
19.14,0.00718707,3.26
19.15,0.006635914,3.01
19.16,0.007407532,3.36
19.17,0.008333474,3.78
19.18,0.008267335,3.75
19.19,0.00817915,3.71
19.2,0.008046873,3.65
19.22,0.007914595,3.59
19.23,0.00765004,3.47
19.24,0.008068919,3.66
19.25,0.008664167,3.93
19.26,0.00800278,3.63
19.27,0.007914595,3.59
19.28,0.007605948,3.45
19.29,0.007429578,3.37
19.3,0.007738225,3.51
19.32,0.007738225,3.51
19.33,0.007142977,3.24
19.34,0.006635914,3.01
19.35,0.007054792,3.2
19.36,0.007782318,3.53
19.37,0.00736344,3.34
19.38,0.007253208,3.29
19.39,0.007407532,3.36
19.4,0.00765004,3.47
19.41,0.00835552,3.79
19.42,0.008598028,3.9
19.43,0.008906675,4.04
19.45,0.008730306,3.96
19.46,0.007209116,3.27
19.47,0.007032746,3.19
19.48,0.007297301,3.31
19.49,0.007451624,3.38
19.5,0.008223242,3.73
19.51,0.008201196,3.72
19.52,0.008046873,3.65
19.53,0.007627994,3.46
19.54,0.007760272,3.52
19.56,0.007672087,3.48
19.57,0.007892549,3.58
19.58,0.007672087,3.48
19.59,0.007716179,3.5
19.6,0.007694133,3.49
19.61,0.007892549,3.58
19.62,0.007892549,3.58
19.63,0.007738225,3.51
19.64,0.00800278,3.63
19.65,0.008090965,3.67
19.66,0.007892549,3.58
19.67,0.00853189,3.87
19.69,0.008157104,3.7
19.7,0.006569775,2.98
19.71,0.006371359,2.89
19.72,0.006812284,3.09
19.73,0.007076839,3.21
19.74,0.007209116,3.27
19.75,0.007385486,3.35
19.76,0.007385486,3.35
19.77,0.007209116,3.27
19.78,0.007980734,3.62
19.8,0.007429578,3.37
19.81,0.007209116,3.27
19.82,0.007848457,3.56
19.83,0.007517763,3.41
19.84,0.007605948,3.45
19.85,0.007297301,3.31
19.86,0.007760272,3.52
19.87,0.007517763,3.41
19.88,0.007672087,3.48
19.89,0.00765004,3.47
19.9,0.00683433,3.1
19.92,0.007892549,3.58
19.93,0.007627994,3.46
19.94,0.006922515,3.14
19.95,0.007098885,3.22
19.96,0.006768191,3.07
19.97,0.006724099,3.05
19.98,0.007605948,3.45
19.99,0.007958688,3.61
20,0.007098885,3.22
20.01,0.007583902,3.44
20.02,0.008090965,3.67
20.03,0.008135057,3.69
20.05,0.007385486,3.35
20.06,0.007385486,3.35
20.07,0.007914595,3.59
20.08,0.00736344,3.34
20.09,0.007165024,3.25
20.1,0.007672087,3.48
20.11,0.007980734,3.62
20.12,0.007495717,3.4
20.13,0.007782318,3.53
20.14,0.007804364,3.54
20.16,0.008024826,3.64
20.17,0.007583902,3.44
20.18,0.007672087,3.48
20.19,0.008267335,3.75
20.2,0.00800278,3.63
20.21,0.00800278,3.63
20.22,0.008024826,3.64
20.23,0.007495717,3.4
20.24,0.00782641,3.55
20.25,0.007716179,3.5
20.26,0.007231162,3.28
20.27,0.007605948,3.45
20.29,0.007694133,3.49
20.3,0.006613868,3
20.31,0.007231162,3.28
20.32,0.00800278,3.63
20.33,0.007958688,3.61
20.34,0.007605948,3.45
20.35,0.007914595,3.59
20.36,0.007738225,3.51
20.37,0.007407532,3.36
20.39,0.007804364,3.54
20.4,0.00765004,3.47
20.41,0.007804364,3.54
20.42,0.007473671,3.39
20.43,0.007297301,3.31
20.44,0.007385486,3.35
20.45,0.007407532,3.36
20.46,0.007517763,3.41
20.47,0.007407532,3.36
20.48,0.007098885,3.22
20.49,0.007495717,3.4
20.5,0.007098885,3.22
20.51,0.007429578,3.37
20.53,0.007209116,3.27
20.54,0.007319347,3.32
20.55,0.00765004,3.47
20.56,0.006944561,3.15
20.57,0.007054792,3.2
20.58,0.007076839,3.21
20.59,0.00683433,3.1
20.6,0.006944561,3.15
20.61,0.006525683,2.96
20.62,0.007032746,3.19
20.64,0.006393406,2.9
20.65,0.007495717,3.4
20.66,0.007936641,3.6
20.67,0.00736344,3.34
20.68,0.007231162,3.28
20.69,0.007495717,3.4
20.7,0.007605948,3.45
20.71,0.006702053,3.04
20.72,0.006371359,2.89
20.73,0.006702053,3.04
20.75,0.006481591,2.94
20.76,0.006900469,3.13
20.77,0.006900469,3.13
20.78,0.006746145,3.06
20.79,0.007076839,3.21
20.8,0.006790238,3.08
20.81,0.006503637,2.95
20.82,0.006547729,2.97
20.83,0.006415452,2.91
20.84,0.006415452,2.91
20.85,0.006724099,3.05
20.86,0.006393406,2.9
20.88,0.006239082,2.83
20.89,0.006635914,3.01
20.9,0.006878423,3.12
20.91,0.006768191,3.07
20.92,0.0070107,3.18
20.93,0.007319347,3.32
20.94,0.007231162,3.28
20.95,0.006371359,2.89
20.96,0.00601862,2.73
20.98,0.006327267,2.87
20.99,0.00665796,3.02
21,0.007473671,3.39
21.01,0.007539809,3.42
21.02,0.007341393,3.33
21.03,0.006503637,2.95
21.04,0.005952481,2.7
21.05,0.006172943,2.8
21.06,0.007165024,3.25
21.07,0.007716179,3.5
21.08,0.007782318,3.53
21.09,0.007231162,3.28
21.1,0.006503637,2.95
21.12,0.006966607,3.16
21.13,0.007275255,3.3
21.14,0.006944561,3.15
21.15,0.006481591,2.94
21.16,0.006150897,2.79
21.17,0.007032746,3.19
21.18,0.007627994,3.46
21.19,0.007231162,3.28
21.2,0.007098885,3.22
21.21,0.007098885,3.22
21.23,0.007561856,3.43
21.24,0.008201196,3.72
21.25,0.007451624,3.38
21.26,0.007429578,3.37
21.27,0.007605948,3.45
21.28,0.00782641,3.55
21.29,0.007605948,3.45
21.3,0.007760272,3.52
21.31,0.007892549,3.58
21.32,0.007672087,3.48
21.33,0.007738225,3.51
21.35,0.007914595,3.59
21.36,0.007936641,3.6
21.37,0.007848457,3.56
21.38,0.008046873,3.65
21.39,0.008090965,3.67
21.4,0.007914595,3.59
21.41,0.00800278,3.63
21.42,0.007914595,3.59
21.43,0.008620074,3.91
21.44,0.008906675,4.04
21.45,0.008950768,4.06
21.47,0.009105091,4.13
21.48,0.008840537,4.01
21.49,0.008487797,3.85
21.5,0.00881849,4
21.51,0.0093476,4.24
21.52,0.009568062,4.34
21.53,0.009612155,4.36
21.54,0.009413739,4.27
21.55,0.009105091,4.13
21.56,0.009060999,4.11
21.58,0.009391692,4.26
21.59,0.008972814,4.07
21.6,0.008730306,3.96
21.61,0.008377566,3.8
21.62,0.00853189,3.87
21.63,0.008664167,3.93
21.64,0.008730306,3.96
21.65,0.008223242,3.73
21.66,0.007980734,3.62
21.67,0.008708259,3.95
21.68,0.008774398,3.98
21.69,0.008928722,4.05
21.71,0.009127138,4.14
21.72,0.009281461,4.21
21.73,0.009612155,4.36
21.74,0.009766478,4.43
21.75,0.009722386,4.41
21.76,0.008950768,4.06
21.77,0.008928722,4.05
21.78,0.008575982,3.89
21.79,0.009038953,4.1
21.8,0.009457831,4.29
21.82,0.009215323,4.18
21.83,0.008752352,3.97
21.84,0.008575982,3.89
21.85,0.008553936,3.88
21.86,0.009149184,4.15
21.87,0.008487797,3.85
21.88,0.00899486,4.08
21.89,0.009678293,4.39
21.9,0.009457831,4.29
21.91,0.00899486,4.08
21.92,0.007848457,3.56
21.93,0.008377566,3.8
21.95,0.008862583,4.02
21.96,0.008708259,3.95
21.97,0.008642121,3.92
21.98,0.008972814,4.07
21.99,0.008862583,4.02
22,0.008421658,3.82
22.01,0.008642121,3.92
22.02,0.00899486,4.08
22.03,0.008928722,4.05
22.04,0.008421658,3.82
22.06,0.00817915,3.71
22.07,0.008686213,3.94
22.08,0.008223242,3.73
22.09,0.009215323,4.18
22.1,0.009920802,4.5
22.11,0.009127138,4.14
22.12,0.009193276,4.17
22.13,0.009281461,4.21
22.14,0.008840537,4.01
22.15,0.008465751,3.84
22.17,0.008730306,3.96
22.17,0.008774398,3.98
22.19,0.008399612,3.81
22.2,0.008620074,3.91
22.21,0.00881849,4
22.22,0.00853189,3.87
22.23,0.009127138,4.14
22.24,0.008884629,4.03
22.25,0.009149184,4.15
22.26,0.008884629,4.03
22.27,0.008399612,3.81
22.28,0.008245289,3.74
22.3,0.008730306,3.96
22.31,0.009413739,4.27
22.32,0.009435785,4.28
22.33,0.008421658,3.82
22.34,0.008267335,3.75
22.35,0.008465751,3.84
22.36,0.008487797,3.85
22.37,0.008598028,3.9
22.38,0.008664167,3.93
22.39,0.009060999,4.11
22.41,0.00970034,4.4
22.42,0.009237369,4.19
22.43,0.008620074,3.91
22.44,0.008090965,3.67
22.45,0.008113011,3.68
22.46,0.00835552,3.79
22.47,0.008487797,3.85
22.48,0.009060999,4.11
22.49,0.008840537,4.01
22.5,0.00899486,4.08
22.51,0.008664167,3.93
22.52,0.008245289,3.74
22.54,0.008708259,3.95
22.55,0.009038953,4.1
22.56,0.009215323,4.18
22.57,0.008906675,4.04
22.58,0.008598028,3.9
22.59,0.008796444,3.99
22.6,0.008509843,3.86
22.61,0.00917123,4.16
22.62,0.00952397,4.32
22.63,0.00899486,4.08
22.65,0.008642121,3.92
22.66,0.007958688,3.61
22.67,0.008598028,3.9
22.68,0.008950768,4.06
22.69,0.00853189,3.87
22.7,0.008421658,3.82
22.71,0.008487797,3.85
22.72,0.009479877,4.3
22.73,0.009898756,4.49
22.74,0.009590108,4.35
22.75,0.008906675,4.04
22.76,0.009744432,4.42
22.78,0.009501924,4.31
22.79,0.008928722,4.05
22.8,0.008443705,3.83
22.81,0.008068919,3.66
22.82,0.008620074,3.91
22.83,0.009038953,4.1
22.84,0.008553936,3.88
22.85,0.008487797,3.85
22.86,0.008730306,3.96
22.87,0.009016907,4.09
22.89,0.008928722,4.05
22.9,0.008223242,3.73
22.91,0.00835552,3.79
22.92,0.009038953,4.1
22.93,0.009237369,4.19
22.94,0.009413739,4.27
22.95,0.009237369,4.19
22.96,0.00835552,3.79
22.97,0.008950768,4.06
22.98,0.00881849,4
22.99,0.00881849,4
23,0.008465751,3.84
23.02,0.008862583,4.02
23.03,0.009083045,4.12
23.04,0.00853189,3.87
23.05,0.008377566,3.8
23.06,0.008950768,4.06
23.07,0.009656247,4.38
23.08,0.009391692,4.26
23.09,0.008620074,3.91
23.1,0.008620074,3.91
23.11,0.009281461,4.21
23.12,0.009105091,4.13
23.14,0.009259415,4.2
23.15,0.008972814,4.07
23.16,0.009193276,4.17
23.17,0.008862583,4.02
23.18,0.009479877,4.3
23.19,0.009501924,4.31
23.2,0.00899486,4.08
23.21,0.009038953,4.1
23.22,0.008465751,3.84
23.23,0.00881849,4
23.25,0.008884629,4.03
23.26,0.008774398,3.98
23.27,0.008752352,3.97
23.28,0.008928722,4.05
23.29,0.008553936,3.88
23.3,0.009060999,4.11
23.31,0.008752352,3.97
23.32,0.008267335,3.75
23.33,0.009237369,4.19
23.34,0.009391692,4.26
23.35,0.009193276,4.17
23.37,0.00952397,4.32
23.38,0.009413739,4.27
23.39,0.00917123,4.16
23.4,0.009281461,4.21
23.41,0.009060999,4.11
23.42,0.009060999,4.11
23.43,0.008906675,4.04
23.44,0.008840537,4.01
23.45,0.008642121,3.92
23.46,0.009303507,4.22
23.48,0.00917123,4.16
23.49,0.008708259,3.95
23.5,0.008862583,4.02
23.51,0.008906675,4.04
23.52,0.009259415,4.2
23.53,0.008950768,4.06
23.54,0.008575982,3.89
23.55,0.008135057,3.69
23.56,0.008906675,4.04
23.57,0.009788524,4.44
23.58,0.009369646,4.25
23.59,0.008928722,4.05
23.61,0.00917123,4.16
23.62,0.008487797,3.85
23.63,0.009149184,4.15
23.64,0.009391692,4.26
23.65,0.009237369,4.19
23.66,0.008443705,3.83
23.67,0.008840537,4.01
23.68,0.008774398,3.98
23.69,0.00853189,3.87
23.7,0.009193276,4.17
23.72,0.009105091,4.13
23.73,0.008884629,4.03
23.74,0.009501924,4.31
23.75,0.008840537,4.01
23.76,0.008664167,3.93
23.77,0.009060999,4.11
23.78,0.009656247,4.38
23.79,0.009391692,4.26
23.8,0.009038953,4.1
23.81,0.00899486,4.08
23.82,0.0093476,4.24
23.83,0.00970034,4.4
23.85,0.00952397,4.32
23.86,0.010405819,4.72
23.87,0.010273541,4.66
23.88,0.010008987,4.54
23.89,0.009942848,4.51
23.9,0.009634201,4.37
23.91,0.009766478,4.43
23.92,0.009083045,4.12
23.93,0.009193276,4.17
23.94,0.008642121,3.92
23.95,0.008575982,3.89
23.97,0.008686213,3.94
23.98,0.00881849,4
23.99,0.009083045,4.12
24,0.008972814,4.07
24.01,0.008642121,3.92
24.02,0.009016907,4.09
24.03,0.009435785,4.28
24.04,0.010097172,4.58
24.05,0.009832617,4.46
24.06,0.00881849,4
24.08,0.008267335,3.75
24.09,0.008840537,4.01
24.1,0.008598028,3.9
24.11,0.009656247,4.38
24.12,0.009457831,4.29
24.13,0.008730306,3.96
24.14,0.008774398,3.98
24.15,0.008487797,3.85
24.16,0.008553936,3.88
24.17,0.009038953,4.1
24.18,0.009656247,4.38
24.19,0.008730306,3.96
24.21,0.008333474,3.78
24.22,0.008796444,3.99
24.23,0.009149184,4.15
24.24,0.008708259,3.95
24.25,0.008796444,3.99
24.26,0.009127138,4.14
24.27,0.009127138,4.14
24.28,0.009149184,4.15
24.29,0.008950768,4.06
24.3,0.008730306,3.96
24.32,0.008090965,3.67
24.33,0.008135057,3.69
24.34,0.009105091,4.13
24.35,0.009038953,4.1
24.36,0.009546016,4.33
24.37,0.009149184,4.15
24.38,0.009083045,4.12
24.39,0.009303507,4.22
24.4,0.009193276,4.17
24.41,0.008598028,3.9
24.42,0.008157104,3.7
24.43,0.008730306,3.96
24.45,0.009413739,4.27
24.46,0.008928722,4.05
24.47,0.008575982,3.89
24.48,0.008708259,3.95
24.49,0.009303507,4.22
24.5,0.009016907,4.09
24.51,0.008906675,4.04
24.52,0.008774398,3.98
24.53,0.008884629,4.03
24.55,0.009303507,4.22
24.56,0.009303507,4.22
24.57,0.009215323,4.18
24.58,0.008972814,4.07
24.59,0.008664167,3.93
24.6,0.009479877,4.3
24.61,0.010075125,4.57
24.62,0.009259415,4.2
24.63,0.008708259,3.95
24.64,0.008686213,3.94
24.65,0.009193276,4.17
24.67,0.009016907,4.09
24.68,0.008774398,3.98
24.69,0.008796444,3.99
24.7,0.008642121,3.92
24.71,0.008840537,4.01
24.72,0.009060999,4.11
24.73,0.008575982,3.89
24.74,0.00899486,4.08
24.75,0.009656247,4.38
24.76,0.009127138,4.14
24.77,0.008796444,3.99
24.78,0.008862583,4.02
24.8,0.008730306,3.96
24.81,0.007583902,3.44
24.82,0.008201196,3.72
24.83,0.008730306,3.96
24.84,0.008796444,3.99
24.85,0.008906675,4.04
24.86,0.008289381,3.76
24.87,0.007870503,3.57
24.88,0.008862583,4.02
24.89,0.009590108,4.35
24.91,0.009237369,4.19
24.92,0.00853189,3.87
24.93,0.008598028,3.9
24.94,0.008686213,3.94
24.95,0.007672087,3.48
24.96,0.007914595,3.59
24.97,0.007958688,3.61
24.98,0.00800278,3.63
24.99,0.008399612,3.81
25,0.008333474,3.78
25.01,0.008575982,3.89
25.02,0.009391692,4.26
25.04,0.009634201,4.37
25.05,0.009105091,4.13
25.06,0.008465751,3.84
25.07,0.008465751,3.84
25.08,0.008223242,3.73
25.09,0.007782318,3.53
25.1,0.007451624,3.38
25.11,0.00853189,3.87
25.12,0.008906675,4.04
25.13,0.00881849,4
25.15,0.008796444,3.99
25.16,0.009038953,4.1
25.17,0.008774398,3.98
25.18,0.008443705,3.83
25.19,0.00853189,3.87
25.2,0.008421658,3.82
25.21,0.008664167,3.93
25.22,0.008245289,3.74
25.23,0.007451624,3.38
25.24,0.007583902,3.44
25.25,0.008311427,3.77
25.26,0.008664167,3.93
25.28,0.008223242,3.73
25.29,0.008664167,3.93
25.3,0.00899486,4.08
25.31,0.008311427,3.77
25.32,0.00853189,3.87
25.33,0.008928722,4.05
25.34,0.008311427,3.77
25.35,0.008223242,3.73
25.36,0.009105091,4.13
25.37,0.009369646,4.25
25.39,0.00917123,4.16
25.4,0.008553936,3.88
25.41,0.008311427,3.77
25.42,0.007958688,3.61
25.43,0.008774398,3.98
25.44,0.009105091,4.13
25.45,0.009060999,4.11
25.46,0.008267335,3.75
25.47,0.008046873,3.65
25.48,0.008487797,3.85
25.5,0.008708259,3.95
25.51,0.00782641,3.55
25.52,0.007980734,3.62
25.53,0.008399612,3.81
25.54,0.008201196,3.72
25.55,0.008730306,3.96
25.56,0.00853189,3.87
25.57,0.008509843,3.86
25.58,0.007980734,3.62
25.59,0.00881849,4
25.6,0.008553936,3.88
25.61,0.008465751,3.84
25.63,0.007231162,3.28
25.64,0.007980734,3.62
25.65,0.009127138,4.14
25.66,0.008465751,3.84
25.67,0.008090965,3.67
25.68,0.008090965,3.67
25.69,0.009149184,4.15
25.7,0.008950768,4.06
25.71,0.008796444,3.99
25.72,0.008575982,3.89
25.74,0.008245289,3.74
25.75,0.009083045,4.12
25.76,0.008421658,3.82
25.77,0.007980734,3.62
25.78,0.008113011,3.68
25.79,0.008113011,3.68
25.8,0.007892549,3.58
25.81,0.008950768,4.06
25.82,0.00881849,4
25.83,0.008068919,3.66
25.84,0.00853189,3.87
25.85,0.008774398,3.98
25.87,0.008090965,3.67
25.88,0.007980734,3.62
25.89,0.008421658,3.82
25.9,0.008267335,3.75
25.91,0.008113011,3.68
25.92,0.007870503,3.57
25.93,0.008068919,3.66
25.94,0.008046873,3.65
25.95,0.007275255,3.3
25.96,0.007275255,3.3
25.98,0.007385486,3.35
25.99,0.007120931,3.23
26,0.00683433,3.1
26.01,0.007032746,3.19
26.02,0.007914595,3.59
26.03,0.008620074,3.91
26.04,0.008377566,3.8
26.05,0.008024826,3.64
26.06,0.007539809,3.42
26.07,0.008245289,3.74
26.08,0.008862583,4.02
26.09,0.007716179,3.5
26.11,0.0070107,3.18
26.12,0.007451624,3.38
26.13,0.007319347,3.32
26.14,0.007275255,3.3
26.15,0.007407532,3.36
26.16,0.008509843,3.86
26.17,0.007716179,3.5
26.18,0.007451624,3.38
26.19,0.008575982,3.89
26.2,0.008686213,3.94
26.22,0.008642121,3.92
26.23,0.008201196,3.72
26.24,0.008333474,3.78
26.25,0.008664167,3.93
26.26,0.008752352,3.97
26.27,0.007760272,3.52
26.28,0.007561856,3.43
26.29,0.007142977,3.24
26.3,0.007253208,3.29
26.31,0.007936641,3.6
26.33,0.00835552,3.79
26.33,0.008421658,3.82
26.35,0.00782641,3.55
26.36,0.008157104,3.7
26.37,0.008289381,3.76
26.38,0.008267335,3.75
26.39,0.008135057,3.69
26.4,0.008421658,3.82
26.41,0.008377566,3.8
26.42,0.008135057,3.69
26.43,0.009038953,4.1
26.44,0.009016907,4.09
26.46,0.008333474,3.78
26.47,0.008245289,3.74
26.48,0.00800278,3.63
26.49,0.007980734,3.62
26.5,0.00782641,3.55
26.51,0.007517763,3.41
26.52,0.007936641,3.6
26.53,0.008090965,3.67
26.54,0.007672087,3.48
26.55,0.007980734,3.62
26.57,0.007980734,3.62
26.58,0.007958688,3.61
26.59,0.007914595,3.59
26.6,0.007583902,3.44
26.61,0.007738225,3.51
26.62,0.008135057,3.69
26.63,0.008443705,3.83
26.64,0.008289381,3.76
26.65,0.007870503,3.57
26.66,0.007870503,3.57
26.67,0.007627994,3.46
26.68,0.00765004,3.47
26.7,0.007958688,3.61
26.71,0.008267335,3.75
26.72,0.008708259,3.95
26.73,0.008333474,3.78
26.74,0.008135057,3.69
26.75,0.008267335,3.75
26.76,0.00765004,3.47
26.77,0.007738225,3.51
26.78,0.008377566,3.8
26.79,0.008289381,3.76
26.81,0.00817915,3.71
26.82,0.008884629,4.03
26.83,0.008598028,3.9
26.84,0.008509843,3.86
26.85,0.008046873,3.65
26.86,0.008267335,3.75
26.87,0.008553936,3.88
26.88,0.007672087,3.48
26.89,0.007760272,3.52
26.9,0.007539809,3.42
26.91,0.00782641,3.55
26.92,0.008487797,3.85
26.94,0.008575982,3.89
26.95,0.008024826,3.64
26.96,0.008421658,3.82
26.97,0.008443705,3.83
26.98,0.008465751,3.84
26.99,0.008289381,3.76
27,0.008730306,3.96
27.01,0.008311427,3.77
27.02,0.00817915,3.71
27.03,0.009060999,4.11
27.05,0.009060999,4.11
27.06,0.008487797,3.85
27.07,0.008399612,3.81
27.08,0.008399612,3.81
27.09,0.008377566,3.8
27.1,0.00817915,3.71
27.11,0.008598028,3.9
27.12,0.00800278,3.63
27.13,0.007694133,3.49
27.14,0.007804364,3.54
27.15,0.007760272,3.52
27.17,0.008333474,3.78
27.18,0.009083045,4.12
27.19,0.008289381,3.76
27.2,0.00736344,3.34
27.21,0.008157104,3.7
27.22,0.008223242,3.73
27.23,0.008333474,3.78
27.24,0.007914595,3.59
27.25,0.007165024,3.25
27.26,0.006878423,3.12
27.27,0.00736344,3.34
27.28,0.008620074,3.91
27.3,0.00853189,3.87
27.31,0.007958688,3.61
27.32,0.007870503,3.57
27.33,0.007958688,3.61
27.34,0.008399612,3.81
27.35,0.008598028,3.9
27.36,0.008377566,3.8
27.37,0.007782318,3.53
27.38,0.00765004,3.47
27.39,0.007848457,3.56
27.41,0.007561856,3.43
27.42,0.007958688,3.61
27.43,0.008135057,3.69
27.44,0.008465751,3.84
27.45,0.008443705,3.83
27.46,0.007804364,3.54
27.47,0.008024826,3.64
27.48,0.007672087,3.48
27.49,0.007495717,3.4
27.5,0.007738225,3.51
27.51,0.007760272,3.52
27.53,0.007958688,3.61
27.54,0.008575982,3.89
27.55,0.009060999,4.11
27.56,0.008046873,3.65
27.57,0.00736344,3.34
27.58,0.00800278,3.63
27.59,0.007672087,3.48
27.6,0.007032746,3.19
27.61,0.007694133,3.49
27.62,0.007936641,3.6
27.64,0.008090965,3.67
27.65,0.008046873,3.65
27.66,0.007672087,3.48
27.67,0.007672087,3.48
27.68,0.008024826,3.64
27.69,0.007914595,3.59
27.7,0.008664167,3.93
27.71,0.00853189,3.87
27.72,0.008399612,3.81
27.73,0.008090965,3.67
27.74,0.007209116,3.27
27.75,0.007407532,3.36
27.77,0.007760272,3.52
27.78,0.007385486,3.35
27.79,0.007848457,3.56
27.8,0.007429578,3.37
27.81,0.007782318,3.53
27.82,0.007804364,3.54
27.83,0.006966607,3.16
27.84,0.006922515,3.14
27.85,0.007165024,3.25
27.86,0.007605948,3.45
27.87,0.007672087,3.48
27.89,0.007495717,3.4
27.9,0.007738225,3.51
27.91,0.008046873,3.65
27.92,0.008421658,3.82
27.93,0.007495717,3.4
27.94,0.00736344,3.34
27.95,0.006944561,3.15
27.96,0.007605948,3.45
27.97,0.007429578,3.37
27.98,0.007539809,3.42
28,0.007892549,3.58
28.01,0.008024826,3.64
28.02,0.00782641,3.55
28.03,0.007253208,3.29
28.04,0.007231162,3.28
28.05,0.00782641,3.55
28.06,0.007694133,3.49
28.07,0.007694133,3.49
28.08,0.007605948,3.45
28.09,0.007495717,3.4
28.1,0.007517763,3.41
28.11,0.007848457,3.56
28.13,0.008620074,3.91
28.14,0.008223242,3.73
28.15,0.007142977,3.24
28.16,0.008113011,3.68
28.17,0.008509843,3.86
28.18,0.008664167,3.93
28.19,0.008245289,3.74
28.2,0.008421658,3.82
28.21,0.007870503,3.57
28.22,0.007297301,3.31
28.24,0.007120931,3.23
28.25,0.008024826,3.64
28.26,0.008289381,3.76
28.27,0.008090965,3.67
28.28,0.007914595,3.59
28.29,0.008157104,3.7
28.3,0.00800278,3.63
28.31,0.00718707,3.26
28.32,0.007297301,3.31
28.33,0.008509843,3.86
28.34,0.008333474,3.78
28.35,0.007627994,3.46
28.37,0.007760272,3.52
28.38,0.007738225,3.51
28.39,0.008465751,3.84
28.4,0.00853189,3.87
28.41,0.00800278,3.63
28.42,0.008223242,3.73
28.43,0.008465751,3.84
28.44,0.008289381,3.76
28.45,0.008333474,3.78
28.47,0.008024826,3.64
28.48,0.007958688,3.61
28.49,0.007451624,3.38
28.5,0.007583902,3.44
28.51,0.007385486,3.35
28.52,0.007583902,3.44
28.53,0.007561856,3.43
28.54,0.007429578,3.37
28.55,0.00782641,3.55
28.56,0.007980734,3.62
28.57,0.00800278,3.63
28.58,0.008267335,3.75
28.6,0.008333474,3.78
28.61,0.007297301,3.31
28.62,0.007605948,3.45
28.63,0.00800278,3.63
28.64,0.007539809,3.42
28.65,0.008157104,3.7
28.66,0.008487797,3.85
28.67,0.008421658,3.82
28.68,0.007804364,3.54
28.69,0.007782318,3.53
28.7,0.008090965,3.67
28.72,0.008245289,3.74
28.73,0.00765004,3.47
28.74,0.008267335,3.75
28.75,0.008620074,3.91
28.76,0.008465751,3.84
28.77,0.008796444,3.99
28.78,0.009060999,4.11
28.79,0.009193276,4.17
28.8,0.008289381,3.76
28.81,0.007694133,3.49
28.83,0.008311427,3.77
28.84,0.008267335,3.75
28.85,0.008906675,4.04
28.86,0.008620074,3.91
28.87,0.008311427,3.77
28.88,0.009038953,4.1
28.89,0.008311427,3.77
28.9,0.007892549,3.58
28.91,0.007848457,3.56
28.92,0.007032746,3.19
28.93,0.007341393,3.33
28.94,0.008906675,4.04
28.96,0.008862583,4.02
28.97,0.008620074,3.91
28.98,0.008421658,3.82
28.99,0.00800278,3.63
29,0.008245289,3.74
29.01,0.009060999,4.11
29.02,0.009281461,4.21
29.03,0.008906675,4.04
29.04,0.008267335,3.75
29.05,0.007694133,3.49
29.07,0.00817915,3.71
29.08,0.00835552,3.79
29.09,0.007627994,3.46
29.1,0.008113011,3.68
29.11,0.008509843,3.86
29.12,0.008046873,3.65
29.13,0.008135057,3.69
29.14,0.008046873,3.65
29.15,0.008377566,3.8
29.16,0.00835552,3.79
29.17,0.008377566,3.8
29.18,0.008135057,3.69
29.2,0.008752352,3.97
29.21,0.00917123,4.16
29.22,0.008245289,3.74
29.23,0.00782641,3.55
29.24,0.007870503,3.57
29.25,0.008113011,3.68
29.26,0.008575982,3.89
29.27,0.00835552,3.79
29.28,0.008421658,3.82
29.29,0.008620074,3.91
29.31,0.00853189,3.87
29.32,0.007914595,3.59
29.33,0.008090965,3.67
29.34,0.008509843,3.86
29.35,0.007958688,3.61
29.36,0.008399612,3.81
29.37,0.00853189,3.87
29.38,0.008443705,3.83
29.39,0.008289381,3.76
29.4,0.007892549,3.58
29.41,0.008333474,3.78
29.42,0.008575982,3.89
29.44,0.008575982,3.89
29.45,0.008840537,4.01
29.46,0.008796444,3.99
29.47,0.008201196,3.72
29.48,0.008223242,3.73
29.49,0.008377566,3.8
29.5,0.008223242,3.73
29.51,0.007627994,3.46
29.52,0.008399612,3.81
29.53,0.008333474,3.78
29.55,0.00817915,3.71
29.56,0.007760272,3.52
29.57,0.00817915,3.71
29.58,0.008157104,3.7
29.59,0.008333474,3.78
29.6,0.008598028,3.9
29.61,0.008377566,3.8
29.62,0.008157104,3.7
29.63,0.007672087,3.48
29.64,0.00765004,3.47
29.66,0.008311427,3.77
29.67,0.008509843,3.86
29.68,0.008553936,3.88
29.69,0.008664167,3.93
29.7,0.009149184,4.15
29.71,0.008487797,3.85
29.72,0.008157104,3.7
29.73,0.008642121,3.92
29.74,0.008377566,3.8
29.75,0.00817915,3.71
29.76,0.007936641,3.6
29.77,0.007936641,3.6
29.79,0.008201196,3.72
29.8,0.007848457,3.56
29.81,0.008289381,3.76
29.82,0.008311427,3.77
29.83,0.008884629,4.03
29.84,0.008311427,3.77
29.85,0.008068919,3.66
29.86,0.008487797,3.85
29.87,0.00800278,3.63
29.88,0.007539809,3.42
29.9,0.008509843,3.86
29.91,0.00853189,3.87
29.92,0.008113011,3.68
29.93,0.008642121,3.92
29.94,0.008620074,3.91
29.95,0.008774398,3.98
29.96,0.008862583,4.02
29.97,0.008642121,3.92
29.98,0.008311427,3.77
29.99,0.00853189,3.87
30,0.008157104,3.7
30.01,0.008333474,3.78
30.03,0.009193276,4.17
30.04,0.009501924,4.31
30.05,0.008708259,3.95
30.06,0.007716179,3.5
30.07,0.008267335,3.75
30.08,0.008421658,3.82
30.09,0.008509843,3.86
30.1,0.008245289,3.74
30.11,0.008333474,3.78
30.12,0.008972814,4.07
30.14,0.008840537,4.01
30.15,0.008377566,3.8
30.16,0.008267335,3.75
30.17,0.008465751,3.84
30.18,0.008598028,3.9
30.19,0.008201196,3.72
30.2,0.008267335,3.75
30.21,0.008201196,3.72
30.22,0.008267335,3.75
30.23,0.008421658,3.82
30.24,0.008774398,3.98
30.25,0.008862583,4.02
30.27,0.008090965,3.67
30.28,0.008752352,3.97
30.29,0.009060999,4.11
30.3,0.008620074,3.91
30.31,0.008421658,3.82
30.32,0.00853189,3.87
30.33,0.00800278,3.63
30.34,0.008311427,3.77
30.35,0.008377566,3.8
30.36,0.008686213,3.94
30.37,0.008399612,3.81
30.39,0.008024826,3.64
30.4,0.008443705,3.83
30.41,0.008553936,3.88
30.42,0.007782318,3.53
30.43,0.007760272,3.52
30.44,0.007892549,3.58
30.45,0.008553936,3.88
30.46,0.008333474,3.78
30.47,0.008421658,3.82
30.48,0.009016907,4.09
30.5,0.008509843,3.86
30.51,0.00917123,4.16
30.52,0.008884629,4.03
30.53,0.00800278,3.63
30.54,0.007936641,3.6
30.55,0.008135057,3.69
30.56,0.008575982,3.89
30.57,0.008421658,3.82
30.58,0.009038953,4.1
30.59,0.008730306,3.96
30.6,0.008333474,3.78
30.61,0.008421658,3.82
30.63,0.00881849,4
30.64,0.008950768,4.06
30.65,0.008752352,3.97
30.66,0.008421658,3.82
30.67,0.008399612,3.81
30.68,0.007914595,3.59
30.69,0.008377566,3.8
30.7,0.008487797,3.85
30.71,0.00835552,3.79
30.72,0.007892549,3.58
30.74,0.007341393,3.33
30.75,0.008399612,3.81
30.76,0.00881849,4
30.77,0.008575982,3.89
30.78,0.008950768,4.06
30.79,0.00835552,3.79
30.8,0.008686213,3.94
30.81,0.008598028,3.9
30.82,0.00899486,4.08
30.83,0.0093476,4.24
30.84,0.008509843,3.86
30.85,0.00835552,3.79
30.87,0.008708259,3.95
30.88,0.008113011,3.68
30.89,0.007804364,3.54
30.9,0.007936641,3.6
30.91,0.008575982,3.89
30.92,0.007870503,3.57
30.93,0.007451624,3.38
30.94,0.007517763,3.41
30.95,0.007495717,3.4
30.97,0.008201196,3.72
30.98,0.008399612,3.81
30.99,0.00765004,3.47
31,0.008223242,3.73
31.01,0.008068919,3.66
31.02,0.007782318,3.53
31.03,0.008090965,3.67
31.04,0.008796444,3.99
31.05,0.008686213,3.94
31.06,0.007760272,3.52
31.07,0.007032746,3.19
31.08,0.007848457,3.56
31.1,0.008509843,3.86
31.11,0.008377566,3.8
31.12,0.007804364,3.54
31.13,0.007231162,3.28
31.14,0.00782641,3.55
31.15,0.008289381,3.76
31.16,0.00835552,3.79
31.17,0.007848457,3.56
31.18,0.00800278,3.63
31.19,0.008289381,3.76
31.2,0.007473671,3.39
31.22,0.007451624,3.38
31.23,0.008024826,3.64
31.24,0.008245289,3.74
31.25,0.007583902,3.44
31.26,0.007473671,3.39
31.27,0.007495717,3.4
31.28,0.008135057,3.69
31.29,0.008090965,3.67
31.3,0.007297301,3.31
31.31,0.007275255,3.3
31.33,0.007539809,3.42
31.34,0.00765004,3.47
31.35,0.007297301,3.31
31.36,0.007672087,3.48
31.37,0.007583902,3.44
31.38,0.006856376,3.11
31.39,0.007297301,3.31
31.4,0.007980734,3.62
31.41,0.008046873,3.65
31.42,0.008068919,3.66
31.43,0.008046873,3.65
31.44,0.007473671,3.39
31.46,0.007120931,3.23
31.47,0.007495717,3.4
31.48,0.007032746,3.19
31.49,0.007319347,3.32
31.5,0.007914595,3.59
31.51,0.007341393,3.33
31.52,0.007495717,3.4
31.53,0.007473671,3.39
31.54,0.0070107,3.18
31.56,0.007583902,3.44
31.57,0.007958688,3.61
31.58,0.007209116,3.27
31.59,0.006635914,3.01
31.6,0.006305221,2.86
31.61,0.006944561,3.15
31.62,0.007627994,3.46
31.63,0.007253208,3.29
31.64,0.006613868,3
31.65,0.006702053,3.04
31.66,0.007076839,3.21
31.67,0.006900469,3.13
31.68,0.006569775,2.98
31.7,0.006261128,2.84
31.71,0.007385486,3.35
31.72,0.007517763,3.41
31.73,0.006856376,3.11
31.74,0.007076839,3.21
31.75,0.007098885,3.22
31.76,0.006525683,2.96
31.77,0.006525683,2.96
31.78,0.007231162,3.28
31.8,0.007738225,3.51
31.81,0.007583902,3.44
31.82,0.006878423,3.12
31.83,0.006635914,3.01
31.84,0.006635914,3.01
31.85,0.006702053,3.04
31.86,0.006613868,3
31.87,0.006944561,3.15
31.88,0.006878423,3.12
31.89,0.006856376,3.11
31.9,0.006790238,3.08
31.92,0.007032746,3.19
31.93,0.007098885,3.22
31.94,0.006900469,3.13
31.95,0.007407532,3.36
31.96,0.007583902,3.44
31.97,0.007407532,3.36
31.98,0.006922515,3.14
31.99,0.006944561,3.15
32,0.007319347,3.32
32.01,0.007936641,3.6
32.02,0.006878423,3.12
32.03,0.006459544,2.93
32.05,0.006702053,3.04
32.06,0.00665796,3.02
32.07,0.006569775,2.98
32.08,0.007076839,3.21
32.09,0.007165024,3.25
32.1,0.007341393,3.33
32.11,0.007495717,3.4
32.12,0.007297301,3.31
32.13,0.007495717,3.4
32.14,0.007605948,3.45
32.15,0.007253208,3.29
32.17,0.007098885,3.22
32.18,0.007980734,3.62
32.19,0.007760272,3.52
32.2,0.007782318,3.53
32.21,0.007561856,3.43
32.22,0.007738225,3.51
32.23,0.007120931,3.23
32.24,0.007319347,3.32
32.25,0.007473671,3.39
32.26,0.006900469,3.13
32.28,0.006944561,3.15
32.29,0.007672087,3.48
32.3,0.008245289,3.74
32.31,0.007804364,3.54
32.32,0.007319347,3.32
32.33,0.006966607,3.16
32.34,0.007429578,3.37
32.35,0.007341393,3.33
32.36,0.007451624,3.38
32.37,0.007914595,3.59
32.38,0.007451624,3.38
32.4,0.007716179,3.5
32.41,0.00765004,3.47
32.42,0.007451624,3.38
32.43,0.00718707,3.26
32.44,0.007429578,3.37
32.45,0.007914595,3.59
32.46,0.008024826,3.64
32.47,0.007605948,3.45
32.48,0.008487797,3.85
32.49,0.008223242,3.73
32.5,0.007517763,3.41
32.51,0.008068919,3.66
32.53,0.00800278,3.63
32.54,0.007253208,3.29
32.55,0.00683433,3.1
32.56,0.006724099,3.05
32.57,0.007473671,3.39
32.58,0.007209116,3.27
32.59,0.00718707,3.26
32.6,0.007605948,3.45
32.61,0.007627994,3.46
32.62,0.008046873,3.65
32.63,0.007958688,3.61
32.65,0.007385486,3.35
32.66,0.007054792,3.2
32.67,0.007716179,3.5
32.68,0.008068919,3.66
32.69,0.007782318,3.53
32.7,0.007517763,3.41
32.71,0.007517763,3.41
32.72,0.007914595,3.59
32.73,0.008465751,3.84
32.74,0.008090965,3.67
32.76,0.008664167,3.93
32.77,0.008245289,3.74
32.78,0.007605948,3.45
32.79,0.007605948,3.45
32.8,0.007451624,3.38
32.81,0.008090965,3.67
32.82,0.008906675,4.04
32.83,0.009744432,4.42
32.84,0.009391692,4.26
32.85,0.007451624,3.38
32.87,0.006988654,3.17
32.88,0.007583902,3.44
32.89,0.008046873,3.65
32.9,0.008113011,3.68
32.91,0.008068919,3.66
32.92,0.007517763,3.41
32.93,0.00782641,3.55
32.94,0.007980734,3.62
32.95,0.008135057,3.69
32.96,0.007782318,3.53
32.97,0.007914595,3.59
32.99,0.008399612,3.81
33,0.007980734,3.62
33.01,0.007385486,3.35
33.02,0.00765004,3.47
33.03,0.007672087,3.48
33.04,0.007738225,3.51
33.05,0.008068919,3.66
33.06,0.007716179,3.5
33.07,0.007782318,3.53
33.08,0.007958688,3.61
33.09,0.008620074,3.91
33.1,0.008090965,3.67
33.12,0.00835552,3.79
33.13,0.008289381,3.76
33.14,0.008113011,3.68
33.15,0.008664167,3.93
33.16,0.00853189,3.87
33.17,0.007914595,3.59
33.18,0.007738225,3.51
33.19,0.007870503,3.57
33.2,0.008046873,3.65
33.21,0.008509843,3.86
33.22,0.008972814,4.07
33.24,0.008730306,3.96
33.25,0.007848457,3.56
33.26,0.00800278,3.63
33.27,0.008135057,3.69
33.28,0.008443705,3.83
33.29,0.008201196,3.72
33.3,0.008399612,3.81
33.31,0.008421658,3.82
33.32,0.008399612,3.81
33.33,0.008223242,3.73
33.35,0.008090965,3.67
33.36,0.009193276,4.17
33.37,0.008135057,3.69
33.38,0.007914595,3.59
33.39,0.007914595,3.59
33.4,0.008289381,3.76
33.41,0.008135057,3.69
33.42,0.00835552,3.79
33.43,0.008730306,3.96
33.44,0.008421658,3.82
33.45,0.008796444,3.99
33.47,0.00881849,4
33.48,0.008686213,3.94
33.49,0.008421658,3.82
33.5,0.008509843,3.86
33.51,0.008311427,3.77
33.52,0.008664167,3.93
33.53,0.008598028,3.9
33.54,0.007892549,3.58
33.55,0.008377566,3.8
33.56,0.008598028,3.9
33.57,0.008245289,3.74
33.58,0.007429578,3.37
33.6,0.007275255,3.3
33.61,0.007716179,3.5
33.62,0.007561856,3.43
33.63,0.008245289,3.74
33.64,0.008598028,3.9
33.65,0.007738225,3.51
33.66,0.007583902,3.44
33.67,0.008090965,3.67
33.68,0.008664167,3.93
33.69,0.007694133,3.49
33.71,0.008201196,3.72
33.72,0.008267335,3.75
33.73,0.007782318,3.53
33.74,0.00782641,3.55
33.75,0.008311427,3.77
33.76,0.008796444,3.99
33.77,0.008708259,3.95
33.78,0.008686213,3.94
33.79,0.008708259,3.95
33.8,0.008906675,4.04
33.81,0.008575982,3.89
33.83,0.007848457,3.56
33.84,0.007782318,3.53
33.85,0.008201196,3.72
33.86,0.007760272,3.52
33.87,0.007760272,3.52
33.88,0.007738225,3.51
33.89,0.007672087,3.48
33.9,0.00835552,3.79
33.91,0.008377566,3.8
33.92,0.007627994,3.46
33.94,0.007914595,3.59
33.95,0.00800278,3.63
33.96,0.008068919,3.66
33.97,0.008135057,3.69
33.98,0.00881849,4
33.99,0.008664167,3.93
34,0.008113011,3.68
34.01,0.008333474,3.78
34.02,0.008113011,3.68
34.03,0.007782318,3.53
34.04,0.008421658,3.82
34.06,0.008575982,3.89
34.07,0.008598028,3.9
34.08,0.008840537,4.01
34.09,0.008840537,4.01
34.1,0.009060999,4.11
34.11,0.009127138,4.14
34.12,0.009435785,4.28
34.13,0.008950768,4.06
34.14,0.009038953,4.1
34.15,0.008752352,3.97
34.16,0.008928722,4.05
34.17,0.00881849,4
34.19,0.007958688,3.61
34.2,0.007716179,3.5
34.21,0.008664167,3.93
34.22,0.00881849,4
34.23,0.008620074,3.91
34.24,0.009105091,4.13
34.25,0.008575982,3.89
34.26,0.008752352,3.97
34.27,0.008730306,3.96
34.28,0.008598028,3.9
34.29,0.008421658,3.82
34.31,0.008068919,3.66
34.32,0.007782318,3.53
34.33,0.007958688,3.61
34.34,0.008267335,3.75
34.35,0.009766478,4.43
34.36,0.00881849,4
34.37,0.008377566,3.8
34.38,0.009788524,4.44
34.39,0.00952397,4.32
34.4,0.00917123,4.16
34.42,0.009060999,4.11
34.43,0.008377566,3.8
34.44,0.008575982,3.89
34.45,0.008862583,4.02
34.46,0.009193276,4.17
34.47,0.008730306,3.96
34.48,0.008465751,3.84
34.49,0.008752352,3.97
34.5,0.008421658,3.82
34.51,0.008575982,3.89
34.53,0.009060999,4.11
34.53,0.009060999,4.11
34.55,0.008950768,4.06
34.56,0.009083045,4.12
34.57,0.009149184,4.15
34.58,0.009281461,4.21
34.59,0.008289381,3.76
34.6,0.008443705,3.83
34.61,0.008598028,3.9
34.62,0.00881849,4
34.63,0.009457831,4.29
34.65,0.009546016,4.33
34.65,0.008972814,4.07
34.67,0.009193276,4.17
34.68,0.009325554,4.23
34.69,0.009788524,4.44
34.7,0.009546016,4.33
34.71,0.008928722,4.05
34.72,0.008686213,3.94
34.73,0.009590108,4.35
34.74,0.009325554,4.23
34.75,0.009325554,4.23
34.76,0.009457831,4.29
34.78,0.009060999,4.11
34.79,0.008774398,3.98
34.8,0.009325554,4.23
34.81,0.010229449,4.64
34.82,0.009435785,4.28
34.83,0.009612155,4.36
34.84,0.009149184,4.15
34.85,0.009083045,4.12
34.86,0.009435785,4.28
34.87,0.009281461,4.21
34.88,0.008752352,3.97
34.9,0.008642121,3.92
34.91,0.009105091,4.13
34.92,0.00917123,4.16
34.93,0.009281461,4.21
34.94,0.009435785,4.28
34.95,0.009259415,4.2
34.96,0.008774398,3.98
34.97,0.008906675,4.04
34.98,0.009369646,4.25
34.99,0.009060999,4.11
35.01,0.00917123,4.16
35.01,0.00952397,4.32
35.03,0.009237369,4.19
35.04,0.009501924,4.31
35.05,0.009744432,4.42
35.06,0.00899486,4.08
35.07,0.009391692,4.26
35.08,0.009501924,4.31
35.09,0.009237369,4.19
35.1,0.009501924,4.31
35.11,0.009457831,4.29
35.13,0.009457831,4.29
35.14,0.009898756,4.49
35.15,0.009876709,4.48
35.16,0.009127138,4.14
35.17,0.009964894,4.52
35.18,0.010097172,4.58
35.19,0.009435785,4.28
35.2,0.009038953,4.1
35.21,0.008575982,3.89
35.22,0.009215323,4.18
35.23,0.009634201,4.37
35.24,0.009546016,4.33
35.26,0.008884629,4.03
35.27,0.009083045,4.12
35.28,0.010251495,4.65
35.29,0.009435785,4.28
35.3,0.008598028,3.9
35.31,0.00881849,4
35.32,0.00970034,4.4
35.33,0.010119218,4.59
35.34,0.009678293,4.39
35.35,0.009281461,4.21
35.37,0.009413739,4.27
35.38,0.009193276,4.17
35.39,0.008443705,3.83
35.4,0.00899486,4.08
35.41,0.009678293,4.39
35.42,0.00917123,4.16
35.43,0.009038953,4.1
35.44,0.008928722,4.05
35.45,0.008730306,3.96
35.46,0.009590108,4.35
35.47,0.009788524,4.44
35.49,0.009876709,4.48
35.5,0.009237369,4.19
35.51,0.009413739,4.27
35.52,0.009457831,4.29
35.53,0.008950768,4.06
35.54,0.008598028,3.9
35.55,0.008862583,4.02
35.56,0.008884629,4.03
35.57,0.00952397,4.32
35.58,0.008950768,4.06
35.59,0.008752352,3.97
35.6,0.008553936,3.88
35.62,0.009083045,4.12
35.63,0.009810571,4.45
35.64,0.010008987,4.54
35.65,0.00952397,4.32
35.66,0.009612155,4.36
35.67,0.009744432,4.42
35.68,0.010053079,4.56
35.69,0.009898756,4.49
35.7,0.009193276,4.17
35.71,0.009303507,4.22
35.72,0.009590108,4.35
35.74,0.009479877,4.3
35.75,0.009722386,4.41
35.76,0.010471957,4.75
35.77,0.009810571,4.45
35.78,0.010185357,4.62
35.79,0.009501924,4.31
35.8,0.009413739,4.27
35.81,0.009237369,4.19
35.82,0.008620074,3.91
35.83,0.009127138,4.14
35.85,0.009435785,4.28
35.86,0.009854663,4.47
35.87,0.008972814,4.07
35.88,0.009744432,4.42
35.89,0.010119218,4.59
35.9,0.009325554,4.23
35.91,0.009546016,4.33
35.92,0.009898756,4.49
35.93,0.009193276,4.17
35.94,0.008575982,3.89
35.96,0.008487797,3.85
35.97,0.008796444,3.99
35.98,0.009149184,4.15
35.99,0.008575982,3.89
36,0.009083045,4.12
36.01,0.009854663,4.47
36.02,0.009016907,4.09
36.03,0.009083045,4.12
36.04,0.010141264,4.6
36.05,0.010317634,4.68
36.06,0.009127138,4.14
36.08,0.009038953,4.1
36.09,0.009590108,4.35
36.1,0.010185357,4.62
36.11,0.009413739,4.27
36.12,0.00970034,4.4
36.13,0.0093476,4.24
36.14,0.008686213,3.94
36.15,0.008840537,4.01
36.16,0.009215323,4.18
36.17,0.008598028,3.9
36.18,0.009259415,4.2
36.19,0.009766478,4.43
36.21,0.009391692,4.26
36.22,0.008950768,4.06
36.23,0.009060999,4.11
36.24,0.009964894,4.52
36.25,0.009810571,4.45
36.26,0.009325554,4.23
36.27,0.008642121,3.92
36.28,0.008465751,3.84
36.29,0.008950768,4.06
36.3,0.00952397,4.32
36.31,0.00952397,4.32
36.33,0.008928722,4.05
36.34,0.00853189,3.87
36.35,0.008862583,4.02
36.36,0.0093476,4.24
36.37,0.009810571,4.45
36.38,0.009964894,4.52
36.39,0.009281461,4.21
36.4,0.008487797,3.85
36.41,0.00835552,3.79
36.42,0.009237369,4.19
36.44,0.0093476,4.24
36.45,0.008443705,3.83
36.46,0.008135057,3.69
36.47,0.008664167,3.93
36.48,0.009369646,4.25
36.49,0.009546016,4.33
36.5,0.008399612,3.81
36.51,0.008245289,3.74
36.52,0.007980734,3.62
36.53,0.008201196,3.72
36.54,0.008796444,3.99
36.56,0.00881849,4
36.57,0.008774398,3.98
36.58,0.008421658,3.82
36.59,0.008201196,3.72
36.6,0.008157104,3.7
36.61,0.00881849,4
36.62,0.0093476,4.24
36.63,0.008708259,3.95
36.64,0.00853189,3.87
36.65,0.009237369,4.19
36.66,0.00881849,4
36.67,0.00853189,3.87
36.69,0.008928722,4.05
36.7,0.008796444,3.99
36.71,0.008090965,3.67
36.72,0.007936641,3.6
36.73,0.007936641,3.6
36.74,0.008443705,3.83
36.75,0.008113011,3.68
36.76,0.008333474,3.78
36.77,0.008752352,3.97
36.78,0.007672087,3.48
36.79,0.007297301,3.31
36.81,0.007451624,3.38
36.82,0.007848457,3.56
36.83,0.00835552,3.79
36.84,0.008487797,3.85
36.85,0.008443705,3.83
36.86,0.008465751,3.84
36.87,0.008267335,3.75
36.88,0.008465751,3.84
36.89,0.008730306,3.96
36.9,0.008708259,3.95
36.92,0.007804364,3.54
36.93,0.007473671,3.39
36.94,0.007451624,3.38
36.95,0.007253208,3.29
36.96,0.007760272,3.52
36.97,0.008245289,3.74
36.98,0.008421658,3.82
36.99,0.007672087,3.48
37,0.00817915,3.71
37.01,0.008598028,3.9
37.03,0.008046873,3.65
37.04,0.00800278,3.63
37.05,0.007958688,3.61
37.06,0.00782641,3.55
37.07,0.008135057,3.69
37.08,0.008377566,3.8
37.09,0.00835552,3.79
37.1,0.008113011,3.68
37.11,0.008421658,3.82
37.12,0.008664167,3.93
37.13,0.008487797,3.85
37.15,0.008333474,3.78
37.16,0.007892549,3.58
37.17,0.008068919,3.66
37.18,0.008421658,3.82
37.19,0.007848457,3.56
37.2,0.008311427,3.77
37.21,0.009215323,4.18
37.22,0.008421658,3.82
37.23,0.007892549,3.58
37.24,0.008465751,3.84
37.25,0.008267335,3.75
37.26,0.008113011,3.68
37.28,0.007473671,3.39
37.29,0.008267335,3.75
37.3,0.008135057,3.69
37.31,0.007782318,3.53
37.32,0.007407532,3.36
37.33,0.007980734,3.62
37.34,0.008972814,4.07
37.35,0.008730306,3.96
37.36,0.008509843,3.86
37.37,0.008245289,3.74
37.38,0.008752352,3.97
37.4,0.008421658,3.82
37.41,0.007848457,3.56
37.42,0.008223242,3.73
37.43,0.007936641,3.6
37.44,0.008135057,3.69
37.45,0.00800278,3.63
37.46,0.007672087,3.48
37.47,0.007583902,3.44
37.48,0.00683433,3.1
37.49,0.007407532,3.36
37.51,0.007583902,3.44
37.52,0.007451624,3.38
37.53,0.008090965,3.67
37.54,0.007760272,3.52
37.55,0.00800278,3.63
37.56,0.008090965,3.67
37.57,0.008024826,3.64
37.58,0.00765004,3.47
37.59,0.007782318,3.53
37.6,0.007980734,3.62
37.61,0.007782318,3.53
37.63,0.007914595,3.59
37.64,0.007473671,3.39
37.65,0.00765004,3.47
37.66,0.007892549,3.58
37.67,0.007980734,3.62
37.68,0.008708259,3.95
37.69,0.008223242,3.73
37.7,0.007958688,3.61
37.71,0.007253208,3.29
37.72,0.007385486,3.35
37.73,0.008068919,3.66
37.74,0.007627994,3.46
37.76,0.007539809,3.42
37.77,0.007583902,3.44
37.78,0.007429578,3.37
37.79,0.007738225,3.51
37.8,0.007738225,3.51
37.81,0.007539809,3.42
37.82,0.007760272,3.52
37.83,0.007341393,3.33
37.84,0.007583902,3.44
37.85,0.007142977,3.24
37.87,0.007451624,3.38
37.88,0.007451624,3.38
37.89,0.006790238,3.08
37.9,0.007076839,3.21
37.91,0.007032746,3.19
37.92,0.007297301,3.31
37.93,0.00683433,3.1
37.94,0.006746145,3.06
37.95,0.006790238,3.08
37.96,0.006988654,3.17
37.97,0.007120931,3.23
37.99,0.00665796,3.02
38,0.006349313,2.88
38.01,0.006393406,2.9
38.02,0.006812284,3.09
38.03,0.007583902,3.44
38.04,0.007473671,3.39
38.05,0.006768191,3.07
38.06,0.007275255,3.3
38.07,0.006724099,3.05
38.08,0.006547729,2.97
38.1,0.006569775,2.98
38.1,0.006812284,3.09
38.12,0.006261128,2.84
38.13,0.006503637,2.95
38.14,0.007231162,3.28
38.15,0.007716179,3.5
38.16,0.006856376,3.11
38.17,0.006371359,2.89
38.18,0.00665796,3.02
38.19,0.006702053,3.04
38.2,0.006591822,2.99
38.22,0.007098885,3.22
38.22,0.006569775,2.98
38.24,0.00665796,3.02
38.25,0.007253208,3.29
38.26,0.006437498,2.92
38.27,0.006371359,2.89
38.28,0.005996574,2.72
38.29,0.005511557,2.5
38.3,0.005776111,2.62
38.31,0.006217036,2.82
38.32,0.006459544,2.93
38.33,0.006150897,2.79
38.35,0.005974527,2.71
38.36,0.005974527,2.71
38.37,0.006239082,2.83
38.38,0.006239082,2.83
38.39,0.005864296,2.66
38.4,0.006746145,3.06
38.41,0.006349313,2.88
38.42,0.005930435,2.69
38.43,0.006062712,2.75
38.44,0.006327267,2.87
38.46,0.006613868,3
38.47,0.006393406,2.9
38.48,0.006746145,3.06
38.49,0.006327267,2.87
38.5,0.005621788,2.55
38.51,0.006283174,2.85
38.52,0.00683433,3.1
38.53,0.006305221,2.86
38.54,0.005114724,2.32
38.55,0.006062712,2.75
38.56,0.005886342,2.67
38.58,0.00548951,2.49
38.59,0.006393406,2.9
38.6,0.006724099,3.05
38.61,0.006261128,2.84
38.62,0.006525683,2.96
38.63,0.006415452,2.91
38.64,0.006481591,2.94
38.65,0.006724099,3.05
38.66,0.006349313,2.88
38.67,0.00619499,2.81
38.68,0.006128851,2.78
38.69,0.005908389,2.68
38.71,0.005687926,2.58
38.72,0.00584225,2.65
38.73,0.006150897,2.79
38.74,0.006481591,2.94
38.75,0.005974527,2.71
38.76,0.005379279,2.44
38.77,0.005754065,2.61
38.78,0.006393406,2.9
38.79,0.005886342,2.67
38.8,0.005996574,2.72
38.81,0.00601862,2.73
38.83,0.006415452,2.91
38.84,0.006856376,3.11
38.85,0.006415452,2.91
38.86,0.004872216,2.21
38.87,0.005048586,2.29
38.88,0.005908389,2.68
38.89,0.006150897,2.79
38.9,0.006062712,2.75
38.91,0.005445418,2.47
38.92,0.005555649,2.52
38.94,0.00566588,2.57
38.95,0.005313141,2.41
38.96,0.004894262,2.22
38.97,0.005423372,2.46
38.98,0.005621788,2.55
38.99,0.005070632,2.3
39,0.004629708,2.1
39.01,0.004784031,2.17
39.02,0.005070632,2.3
39.03,0.005732019,2.6
39.04,0.005754065,2.61
39.06,0.00502654,2.28
39.07,0.004563569,2.07
39.08,0.005004493,2.27
39.09,0.004828124,2.19
39.1,0.004188783,1.9
39.11,0.00449743,2.04
39.12,0.00432106,1.96
39.13,0.004078552,1.85
39.14,0.004409245,2
39.15,0.004828124,2.19
39.17,0.005952481,2.7
39.18,0.005511557,2.5
39.19,0.004607661,2.09
39.2,0.004916308,2.23
39.21,0.005180863,2.35
39.22,0.004761985,2.16
39.23,0.005313141,2.41
39.24,0.005335187,2.42
39.25,0.005070632,2.3
39.26,0.005092678,2.31
39.27,0.004784031,2.17
39.28,0.004629708,2.1
39.29,0.004299014,1.95
39.31,0.004629708,2.1
39.32,0.004365153,1.98
39.33,0.005092678,2.31
39.34,0.005269048,2.39
39.35,0.005136771,2.33
39.36,0.005291094,2.4
39.37,0.005092678,2.31
39.38,0.004343107,1.97
39.39,0.004034459,1.83
39.4,0.0046738,2.12
39.42,0.005048586,2.29
39.43,0.004828124,2.19
39.44,0.005379279,2.44
39.45,0.004960401,2.25
39.46,0.004607661,2.09
39.47,0.005092678,2.31
39.48,0.005335187,2.42
39.49,0.0046738,2.12
39.5,0.005070632,2.3
39.51,0.004960401,2.25
39.53,0.004938355,2.24
39.54,0.004409245,2
39.55,0.004695846,2.13
39.56,0.004651754,2.11
39.57,0.004651754,2.11
39.58,0.00502654,2.28
39.59,0.004739939,2.15
39.6,0.004166737,1.89
39.61,0.004784031,2.17
39.62,0.005158817,2.34
39.63,0.005864296,2.66
39.65,0.005886342,2.67
39.66,0.005158817,2.34
39.67,0.004982447,2.26
39.68,0.004960401,2.25
39.69,0.004806077,2.18
39.7,0.004938355,2.24
39.71,0.005202909,2.36
39.72,0.005180863,2.35
39.73,0.004012413,1.82
39.74,0.004585615,2.08
39.75,0.005070632,2.3
39.76,0.004453338,2.02
39.78,0.004806077,2.18
39.79,0.004453338,2.02
39.8,0.004475384,2.03
39.81,0.004034459,1.83
39.82,0.004210829,1.91
39.83,0.004938355,2.24
39.84,0.00485017,2.2
39.85,0.005180863,2.35
39.86,0.005092678,2.31
39.87,0.004828124,2.19
39.88,0.00432106,1.96
39.9,0.004607661,2.09
39.91,0.004629708,2.1
39.92,0.004585615,2.08
39.93,0.004409245,2
39.94,0.004431291,2.01
39.95,0.004100598,1.86
39.96,0.004563569,2.07
39.97,0.003968321,1.8
39.98,0.004276968,1.94
39.99,0.005136771,2.33
40.01,0.004806077,2.18
40.02,0.004607661,2.09
40.03,0.004519476,2.05
40.04,0.004806077,2.18
40.05,0.004872216,2.21
40.06,0.00548951,2.49
40.07,0.004629708,2.1
40.08,0.004607661,2.09
40.09,0.004784031,2.17
40.1,0.0046738,2.12
40.11,0.004872216,2.21
40.13,0.004475384,2.03
40.14,0.004563569,2.07
40.15,0.004872216,2.21
40.16,0.004541523,2.06
40.17,0.004828124,2.19
40.18,0.005533603,2.51
40.19,0.004806077,2.18
40.2,0.004806077,2.18
40.21,0.004144691,1.88
40.22,0.003946274,1.79
40.24,0.004651754,2.11
40.24,0.0046738,2.12
40.26,0.003924228,1.78
40.27,0.004629708,2.1
40.28,0.005004493,2.27
40.29,0.005379279,2.44
40.3,0.005158817,2.34
40.31,0.004828124,2.19
40.32,0.004365153,1.98
40.33,0.004563569,2.07
40.34,0.004629708,2.1
40.35,0.004276968,1.94
40.37,0.004916308,2.23
40.38,0.004519476,2.05
40.39,0.004519476,2.05
40.4,0.005114724,2.32
40.41,0.004034459,1.83
40.42,0.003703766,1.68
40.43,0.004519476,2.05
40.44,0.004453338,2.02
40.45,0.004122644,1.87
40.46,0.004409245,2
40.47,0.004872216,2.21
40.49,0.005114724,2.32
40.5,0.005908389,2.68
40.51,0.005158817,2.34
40.52,0.004607661,2.09
40.53,0.004982447,2.26
40.54,0.003880136,1.76
40.55,0.004916308,2.23
40.56,0.005401325,2.45
40.57,0.005202909,2.36
40.58,0.004717892,2.14
40.6,0.005048586,2.29
40.61,0.004739939,2.15
40.62,0.004717892,2.14
40.63,0.005114724,2.32
40.64,0.004299014,1.95
40.65,0.003725812,1.69
40.66,0.004585615,2.08
40.67,0.004475384,2.03
40.68,0.004409245,2
40.69,0.004585615,2.08
40.7,0.00502654,2.28
40.72,0.005004493,2.27
40.73,0.00449743,2.04
40.74,0.004210829,1.91
40.75,0.004100598,1.86
40.76,0.004739939,2.15
40.77,0.004365153,1.98
40.78,0.003990367,1.81
40.79,0.00449743,2.04
40.8,0.004541523,2.06
40.81,0.003902182,1.77
40.82,0.003218749,1.46
40.83,0.004387199,1.99
40.85,0.004563569,2.07
40.86,0.004078552,1.85
40.87,0.003946274,1.79
40.88,0.004563569,2.07
40.89,0.004607661,2.09
40.9,0.004100598,1.86
40.91,0.00332898,1.51
40.92,0.003637627,1.65
40.93,0.003990367,1.81
40.94,0.003924228,1.78
40.96,0.003703766,1.68
40.97,0.003395119,1.54
40.98,0.004254922,1.93
40.99,0.003968321,1.8
41,0.00350535,1.59
41.01,0.003946274,1.79
41.02,0.004254922,1.93
41.03,0.004453338,2.02
41.04,0.003946274,1.79
41.05,0.004166737,1.89
41.06,0.004409245,2
41.08,0.00432106,1.96
41.09,0.004232875,1.92
41.1,0.004034459,1.83
41.11,0.004122644,1.87
41.12,0.003990367,1.81
41.13,0.004166737,1.89
41.14,0.004034459,1.83
41.15,0.003659674,1.66
41.16,0.003880136,1.76
41.17,0.0046738,2.12
41.18,0.004365153,1.98
41.2,0.004387199,1.99
41.21,0.004607661,2.09
41.22,0.004210829,1.91
41.23,0.004012413,1.82
41.24,0.004144691,1.88
41.25,0.003637627,1.65
41.26,0.00385809,1.75
41.27,0.004166737,1.89
41.28,0.003924228,1.78
41.29,0.003373073,1.53
41.3,0.00350535,1.59
41.32,0.004034459,1.83
41.33,0.004056506,1.84
41.34,0.003703766,1.68
41.35,0.003284888,1.49
41.36,0.003593535,1.63
41.37,0.003924228,1.78
41.38,0.004585615,2.08
41.39,0.004078552,1.85
41.4,0.003813997,1.73
41.41,0.003902182,1.77
41.42,0.004276968,1.94
41.44,0.004078552,1.85
41.45,0.003990367,1.81
41.46,0.004343107,1.97
41.47,0.004210829,1.91
41.48,0.003791951,1.72
41.49,0.004210829,1.91
41.5,0.004475384,2.03
41.51,0.004254922,1.93
41.52,0.003769905,1.71
41.53,0.00432106,1.96
41.54,0.004122644,1.87
41.56,0.003990367,1.81
41.57,0.003659674,1.66
41.58,0.003483304,1.58
41.59,0.003483304,1.58
41.6,0.003791951,1.72
41.61,0.003902182,1.77
41.62,0.003659674,1.66
41.63,0.004166737,1.89
41.64,0.00449743,2.04
41.65,0.003439211,1.56
41.67,0.003593535,1.63
41.68,0.004232875,1.92
41.69,0.004034459,1.83
41.7,0.003659674,1.66
41.71,0.003813997,1.73
41.72,0.004453338,2.02
41.73,0.004276968,1.94
41.74,0.003549442,1.61
41.75,0.003461258,1.57
41.76,0.00350535,1.59
41.77,0.003306934,1.5
41.78,0.003262841,1.48
41.8,0.003417165,1.55
41.81,0.004122644,1.87
41.82,0.0046738,2.12
41.83,0.004541523,2.06
41.84,0.00368172,1.67
41.85,0.002998287,1.36
41.86,0.003549442,1.61
41.87,0.004453338,2.02
41.88,0.004409245,2
41.89,0.004210829,1.91
41.9,0.004475384,2.03
41.92,0.004695846,2.13
41.93,0.004012413,1.82
41.94,0.004695846,2.13
41.95,0.005158817,2.34
41.96,0.003417165,1.55
41.97,0.003284888,1.49
41.98,0.004210829,1.91
41.99,0.003571489,1.62
42,0.00332898,1.51
42.01,0.004012413,1.82
42.03,0.00385809,1.75
42.04,0.00368172,1.67
42.05,0.003769905,1.71
42.06,0.003880136,1.76
42.07,0.003880136,1.76
42.08,0.00449743,2.04
42.09,0.004254922,1.93
42.1,0.00432106,1.96
42.11,0.004739939,2.15
42.12,0.004276968,1.94
42.13,0.00332898,1.51
42.15,0.003284888,1.49
42.16,0.003968321,1.8
42.17,0.004254922,1.93
42.18,0.004629708,2.1
42.19,0.0046738,2.12
42.2,0.004585615,2.08
42.21,0.004828124,2.19
42.22,0.00432106,1.96
42.23,0.003659674,1.66
42.24,0.00432106,1.96
42.25,0.004585615,2.08
42.26,0.004607661,2.09
42.28,0.004343107,1.97
42.29,0.003990367,1.81
42.3,0.004254922,1.93
42.31,0.005070632,2.3
42.32,0.004078552,1.85
42.33,0.00385809,1.75
42.34,0.004343107,1.97
42.35,0.004563569,2.07
42.36,0.00432106,1.96
42.37,0.003769905,1.71
42.39,0.003284888,1.49
42.4,0.003637627,1.65
42.41,0.003990367,1.81
42.42,0.003417165,1.55
42.43,0.003483304,1.58
42.44,0.003968321,1.8
42.45,0.003836043,1.74
42.46,0.004475384,2.03
42.47,0.004784031,2.17
42.48,0.004585615,2.08
42.49,0.003461258,1.57
42.51,0.003813997,1.73
42.52,0.004651754,2.11
42.53,0.004739939,2.15
42.54,0.003968321,1.8
42.55,0.004122644,1.87
42.56,0.004453338,2.02
42.57,0.004453338,2.02
42.58,0.004585615,2.08
42.59,0.004872216,2.21
42.6,0.005092678,2.31
42.62,0.004629708,2.1
42.63,0.00449743,2.04
42.64,0.004872216,2.21
42.65,0.005247002,2.38
42.66,0.004717892,2.14
42.67,0.004872216,2.21
42.68,0.004784031,2.17
42.69,0.004629708,2.1
42.7,0.004409245,2
42.71,0.004276968,1.94
42.72,0.004166737,1.89
42.74,0.00449743,2.04
42.75,0.005401325,2.45
42.76,0.005335187,2.42
42.77,0.005423372,2.46
42.78,0.004872216,2.21
42.79,0.004299014,1.95
42.8,0.005291094,2.4
42.81,0.005709973,2.59
42.82,0.005996574,2.72
42.83,0.00566588,2.57
42.84,0.005401325,2.45
42.85,0.005004493,2.27
42.87,0.005048586,2.29
42.88,0.004739939,2.15
42.89,0.004651754,2.11
42.9,0.005092678,2.31
42.91,0.005269048,2.39
42.92,0.005202909,2.36
42.93,0.005004493,2.27
42.94,0.005511557,2.5
42.95,0.005269048,2.39
42.96,0.005886342,2.67
42.97,0.005974527,2.71
42.99,0.005445418,2.47
43,0.005114724,2.32
43.01,0.005511557,2.5
43.02,0.005864296,2.66
43.03,0.00601862,2.73
43.04,0.005621788,2.55
43.05,0.004761985,2.16
43.06,0.005180863,2.35
43.07,0.005224956,2.37
43.08,0.005599741,2.54
43.1,0.005974527,2.71
43.11,0.005798157,2.63
43.12,0.005202909,2.36
43.13,0.005291094,2.4
43.14,0.006305221,2.86
43.15,0.006128851,2.78
43.16,0.00566588,2.57
43.17,0.005974527,2.71
43.18,0.005180863,2.35
43.19,0.004806077,2.18
43.2,0.005511557,2.5
43.22,0.005754065,2.61
43.23,0.005423372,2.46
43.24,0.005886342,2.67
43.25,0.005357233,2.43
43.26,0.005467464,2.48
43.27,0.00601862,2.73
43.28,0.005820204,2.64
43.29,0.004784031,2.17
43.3,0.005511557,2.5
43.31,0.00502654,2.28
43.33,0.005180863,2.35
43.33,0.006459544,2.93
43.35,0.007120931,3.23
43.36,0.006702053,3.04
43.37,0.005776111,2.62
43.38,0.00548951,2.49
43.39,0.005379279,2.44
43.4,0.005004493,2.27
43.41,0.005555649,2.52
43.42,0.005776111,2.62
43.43,0.005798157,2.63
43.44,0.005445418,2.47
43.46,0.00548951,2.49
43.47,0.005357233,2.43
43.48,0.004982447,2.26
43.49,0.005754065,2.61
43.5,0.006371359,2.89
43.51,0.005621788,2.55
43.52,0.005599741,2.54
43.53,0.005754065,2.61
43.54,0.005577695,2.53
43.55,0.005864296,2.66
43.56,0.006106805,2.77
43.58,0.005577695,2.53
43.59,0.005423372,2.46
43.6,0.006084758,2.76
43.61,0.006040666,2.74
43.62,0.005158817,2.34
43.63,0.005401325,2.45
43.64,0.005158817,2.34
43.65,0.005114724,2.32
43.66,0.005291094,2.4
43.67,0.005577695,2.53
43.69,0.005423372,2.46
43.7,0.005224956,2.37
43.71,0.005467464,2.48
43.72,0.005401325,2.45
43.73,0.006261128,2.84
43.74,0.005445418,2.47
43.75,0.005092678,2.31
43.76,0.006327267,2.87
43.77,0.006062712,2.75
43.78,0.005247002,2.38
43.79,0.005445418,2.47
43.81,0.00548951,2.49
43.82,0.005291094,2.4
43.83,0.00584225,2.65
43.84,0.005599741,2.54
43.85,0.005313141,2.41
43.86,0.005533603,2.51
43.87,0.005754065,2.61
43.88,0.005114724,2.32
43.89,0.004784031,2.17
43.9,0.00548951,2.49
43.91,0.005555649,2.52
43.92,0.005974527,2.71
43.94,0.006746145,3.06
43.95,0.006437498,2.92
43.96,0.005180863,2.35
43.97,0.005114724,2.32
43.98,0.005732019,2.6
43.99,0.005754065,2.61
44,0.00601862,2.73
44.01,0.005467464,2.48
44.02,0.005180863,2.35
44.03,0.004872216,2.21
44.04,0.005445418,2.47
44.06,0.005974527,2.71
44.07,0.006128851,2.78
44.08,0.005401325,2.45
44.09,0.005423372,2.46
44.1,0.005732019,2.6
44.11,0.006040666,2.74
44.12,0.005709973,2.59
44.13,0.005709973,2.59
44.14,0.006106805,2.77
44.15,0.006437498,2.92
44.17,0.006084758,2.76
44.18,0.006327267,2.87
44.19,0.006459544,2.93
44.2,0.006327267,2.87
44.21,0.006217036,2.82
44.22,0.005555649,2.52
44.23,0.006371359,2.89
44.24,0.006327267,2.87
44.25,0.005709973,2.59
44.26,0.006283174,2.85
44.27,0.006503637,2.95
44.28,0.006459544,2.93
44.3,0.006172943,2.8
44.31,0.005445418,2.47
44.32,0.005798157,2.63
44.33,0.006371359,2.89
44.34,0.005687926,2.58
44.35,0.00683433,3.1
44.36,0.006856376,3.11
44.37,0.006415452,2.91
44.38,0.006283174,2.85
44.39,0.006327267,2.87
44.4,0.005754065,2.61
44.42,0.005930435,2.69
44.43,0.006106805,2.77
44.44,0.005533603,2.51
44.45,0.005908389,2.68
44.46,0.006106805,2.77
44.47,0.005291094,2.4
44.48,0.005864296,2.66
44.49,0.005577695,2.53
44.5,0.005798157,2.63
44.51,0.006790238,3.08
44.53,0.006305221,2.86
44.54,0.005754065,2.61
44.55,0.005511557,2.5
44.56,0.005732019,2.6
44.57,0.005732019,2.6
44.58,0.005908389,2.68
44.59,0.005864296,2.66
44.6,0.006790238,3.08
44.61,0.006768191,3.07
44.62,0.006812284,3.09
44.63,0.006966607,3.16
44.65,0.006261128,2.84
44.66,0.00584225,2.65
44.67,0.005754065,2.61
44.68,0.006437498,2.92
44.69,0.006569775,2.98
44.7,0.006591822,2.99
44.71,0.006128851,2.78
44.72,0.00548951,2.49
44.73,0.006217036,2.82
44.74,0.007209116,3.27
44.76,0.006856376,3.11
44.77,0.006128851,2.78
44.78,0.00601862,2.73
44.79,0.006084758,2.76
44.8,0.006283174,2.85
44.81,0.00619499,2.81
44.82,0.006415452,2.91
44.83,0.005864296,2.66
44.84,0.00584225,2.65
44.85,0.006217036,2.82
44.86,0.006724099,3.05
44.88,0.007253208,3.29
44.89,0.006635914,3.01
44.9,0.005798157,2.63
44.91,0.00584225,2.65
44.92,0.005687926,2.58
44.93,0.00601862,2.73
44.94,0.006393406,2.9
44.95,0.006459544,2.93
44.96,0.00665796,3.02
44.97,0.006635914,3.01
44.98,0.006591822,2.99
44.99,0.006768191,3.07
45.01,0.00619499,2.81
45.02,0.006613868,3
45.03,0.006525683,2.96
45.04,0.006812284,3.09
45.05,0.006635914,3.01
45.06,0.006239082,2.83
45.07,0.006613868,3
45.08,0.006988654,3.17
45.09,0.006525683,2.96
45.1,0.006217036,2.82
45.12,0.006746145,3.06
45.13,0.00665796,3.02
45.14,0.006459544,2.93
45.15,0.006900469,3.13
45.16,0.006856376,3.11
45.17,0.006327267,2.87
45.18,0.006172943,2.8
45.19,0.006812284,3.09
45.2,0.006856376,3.11
45.21,0.00683433,3.1
45.22,0.006591822,2.99
45.24,0.006415452,2.91
45.25,0.006415452,2.91
45.26,0.006349313,2.88
45.27,0.006746145,3.06
45.28,0.007473671,3.39
45.29,0.007209116,3.27
45.3,0.006724099,3.05
45.31,0.006812284,3.09
45.32,0.006415452,2.91
45.33,0.006768191,3.07
45.34,0.006966607,3.16
45.35,0.006327267,2.87
45.37,0.006768191,3.07
45.38,0.006988654,3.17
45.39,0.006790238,3.08
45.4,0.007253208,3.29
45.41,0.007473671,3.39
45.42,0.007142977,3.24
45.43,0.007451624,3.38
45.44,0.007165024,3.25
45.45,0.006878423,3.12
45.46,0.006966607,3.16
45.47,0.006635914,3.01
45.49,0.00584225,2.65
45.5,0.005908389,2.68
45.51,0.006459544,2.93
45.52,0.007539809,3.42
45.53,0.007760272,3.52
45.54,0.007760272,3.52
45.55,0.007495717,3.4
45.56,0.00665796,3.02
45.57,0.00665796,3.02
45.58,0.006239082,2.83
45.6,0.005974527,2.71
45.61,0.006305221,2.86
45.62,0.006481591,2.94
45.63,0.006371359,2.89
45.64,0.006591822,2.99
45.65,0.006239082,2.83
45.66,0.006239082,2.83
45.67,0.006702053,3.04
45.68,0.005908389,2.68
45.69,0.005974527,2.71
45.71,0.006790238,3.08
45.72,0.006172943,2.8
45.73,0.005379279,2.44
45.74,0.006128851,2.78
45.75,0.006437498,2.92
45.76,0.006746145,3.06
45.77,0.00736344,3.34
45.78,0.006724099,3.05
45.79,0.006327267,2.87
45.8,0.006724099,3.05
45.81,0.00683433,3.1
45.83,0.007275255,3.3
45.84,0.007076839,3.21
45.85,0.0070107,3.18
45.86,0.007076839,3.21
45.87,0.006966607,3.16
45.88,0.006547729,2.97
45.89,0.00718707,3.26
45.9,0.006503637,2.95
45.91,0.007076839,3.21
45.92,0.007076839,3.21
45.93,0.0070107,3.18
45.94,0.007165024,3.25
45.96,0.007054792,3.2
45.97,0.006591822,2.99
45.98,0.00601862,2.73
45.99,0.006393406,2.9
46,0.006239082,2.83
46.01,0.006261128,2.84
46.02,0.006128851,2.78
46.03,0.00619499,2.81
46.04,0.006503637,2.95
46.05,0.006680007,3.03
46.06,0.007760272,3.52
46.08,0.0070107,3.18
46.09,0.006503637,2.95
46.1,0.006790238,3.08
46.11,0.006481591,2.94
46.12,0.006084758,2.76
46.13,0.006613868,3
46.14,0.0070107,3.18
46.15,0.006878423,3.12
46.16,0.006261128,2.84
46.17,0.006988654,3.17
46.19,0.006856376,3.11
46.2,0.00665796,3.02
46.21,0.006327267,2.87
46.22,0.006856376,3.11
46.23,0.006900469,3.13
46.24,0.007407532,3.36
46.25,0.006922515,3.14
46.26,0.007142977,3.24
46.27,0.007165024,3.25
46.28,0.007165024,3.25
46.29,0.007451624,3.38
46.31,0.007583902,3.44
46.32,0.006966607,3.16
46.33,0.006746145,3.06
46.34,0.006812284,3.09
46.35,0.006944561,3.15
46.36,0.007032746,3.19
46.37,0.007120931,3.23
46.38,0.006812284,3.09
46.39,0.005798157,2.63
46.4,0.006768191,3.07
46.41,0.007098885,3.22
46.42,0.006481591,2.94
46.44,0.006680007,3.03
46.45,0.006922515,3.14
46.46,0.007098885,3.22
46.47,0.007473671,3.39
46.48,0.006878423,3.12
46.49,0.005357233,2.43
46.5,0.005709973,2.59
46.51,0.005798157,2.63
46.52,0.005313141,2.41
46.53,0.005754065,2.61
46.54,0.006437498,2.92
46.56,0.006613868,3
46.57,0.00665796,3.02
46.58,0.006944561,3.15
46.59,0.006746145,3.06
46.6,0.006525683,2.96
46.61,0.005908389,2.68
46.62,0.006591822,2.99
46.63,0.006349313,2.88
46.64,0.006128851,2.78
46.65,0.006481591,2.94
46.67,0.006217036,2.82
46.68,0.005952481,2.7
46.69,0.006327267,2.87
46.7,0.006922515,3.14
46.71,0.006481591,2.94
46.72,0.007098885,3.22
46.73,0.006812284,3.09
46.74,0.006613868,3
46.75,0.006547729,2.97
46.76,0.006702053,3.04
46.78,0.006635914,3.01
46.79,0.006283174,2.85
46.8,0.006525683,2.96
46.81,0.006680007,3.03
46.82,0.006150897,2.79
46.83,0.006746145,3.06
46.84,0.007032746,3.19
46.85,0.006547729,2.97
46.86,0.006768191,3.07
46.87,0.006569775,2.98
46.88,0.006217036,2.82
46.9,0.005974527,2.71
46.91,0.005754065,2.61
46.92,0.005313141,2.41
46.93,0.004894262,2.22
46.94,0.005908389,2.68
46.95,0.006613868,3
46.96,0.006239082,2.83
46.97,0.005754065,2.61
46.98,0.005996574,2.72
46.99,0.006569775,2.98
47,0.005732019,2.6
47.01,0.004872216,2.21
47.03,0.005357233,2.43
47.04,0.00584225,2.65
47.05,0.005202909,2.36
47.06,0.00502654,2.28
47.07,0.025463391,11.55
47.08,1.565899356,710.28
47.09,6.840966042,3103.01
47.1,9.747783015,4421.52
47.11,10.48095231,4754.08
47.12,10.6002224,4808.18
47.13,10.57165049,4795.22
47.15,10.433112,4732.38
47.16,10.28187489,4663.78
47.17,10.22076275,4636.06
47.18,10.21333317,4632.69
47.19,10.136943,4598.04
47.2,10.00938354,4540.18
47.21,9.960462959,4517.99
47.22,9.903319141,4492.07
47.23,9.812378458,4450.82
47.24,9.756182627,4425.33
47.26,9.707063635,4403.05
47.27,9.640484032,4372.85
47.28,9.610721627,4359.35
47.29,9.595796331,4352.58
47.3,9.544957734,4329.52
47.31,9.460454549,4291.19
47.32,9.407411328,4267.13
47.33,9.459903393,4290.94
47.34,9.382300677,4255.74
47.35,9.318278436,4226.7
47.37,9.317859557,4226.51
47.38,9.317352494,4226.28
47.39,9.288361707,4213.13
47.4,9.214110017,4179.45
47.41,9.144135295,4147.71
47.42,9.117371176,4135.57
47.43,9.108332223,4131.47
47.44,9.096934325,4126.3
47.45,9.054385108,4107
47.46,9.027643036,4094.87
47.47,9.024115639,4093.27
47.48,9.032890037,4097.25
47.49,9.045875265,4103.14
47.51,9.042634469,4101.67
47.52,9.029472872,4095.7
47.53,8.980684574,4073.57
47.54,8.936349613,4053.46
47.55,8.90779975,4040.51
47.56,8.888200655,4031.62
47.57,8.868733837,4022.79
47.58,8.803939978,3993.4
47.59,8.778344309,3981.79
47.6,8.764124494,3975.34
47.62,8.749970816,3968.92
47.63,8.723294883,3956.82
47.64,8.668554103,3931.99
47.65,8.639783778,3918.94
47.66,8.642385232,3920.12
47.67,8.662160697,3929.09
47.68,8.669788692,3932.55
47.69,8.661521357,3928.8
47.7,8.635594995,3917.04
47.71,8.593685119,3898.03
47.72,8.516413096,3862.98
47.74,8.448400488,3832.13
47.75,8.406997675,3813.35
47.76,8.400383807,3810.35
47.77,8.385127819,3803.43
47.78,8.384951449,3803.35
47.79,8.387134025,3804.34
47.8,8.381864977,3801.95
47.81,8.318856863,3773.37
47.82,8.242246226,3738.62
47.83,8.219626798,3728.36
47.85,8.194912979,3717.15
47.86,8.136424341,3690.62
47.87,8.082300855,3666.07
47.88,8.080559203,3665.28
47.89,8.105052561,3676.39
47.9,8.099585097,3673.91
47.91,8.077781379,3664.02
47.92,8.029720606,3642.22
47.93,7.964750377,3612.75
47.94,7.925838788,3595.1
47.95,7.935539127,3599.5
47.97,7.919467428,3592.21
47.98,7.90105883,3583.86
47.99,7.899868333,3583.32
48,7.866380116,3568.13
48.01,7.774623722,3526.51
48.02,7.69214879,3489.1
48.03,7.671315106,3479.65
48.04,7.671094644,3479.55
48.05,7.65727166,3473.28
48.06,7.640362205,3465.61
48.07,7.620035584,3456.39
48.08,7.558614798,3428.53
48.1,7.445275149,3377.12
48.11,7.374308347,3344.93
48.12,7.322279253,3321.33
48.13,7.318994365,3319.84
48.14,7.43720623,3373.46
48.15,7.283125155,3303.57
48.16,7.133232863,3235.58
48.17,7.031048604,3189.23
48.18,6.977189674,3164.8
48.19,6.974896866,3163.76
48.21,6.981995751,3166.98
48.22,6.976131455,3164.32
48.23,6.940945678,3148.36
48.24,6.876526605,3119.14
48.25,6.808580136,3088.32
48.26,6.73296158,3054.02
48.27,6.617792094,3001.78
48.28,6.508288488,2952.11
48.29,6.44278915,2922.4
48.3,6.412343312,2908.59
48.31,6.366487161,2887.79
48.33,6.336327924,2874.11
48.34,6.34120014,2876.32
48.35,6.319131867,2866.31
48.36,6.253301836,2836.45
48.37,6.197039866,2810.93
48.38,6.151823056,2790.42
48.39,6.061764222,2749.57
48.4,5.948314342,2698.11
48.41,5.834754231,2646.6
48.42,5.705563345,2588
48.43,5.567421692,2525.34
48.44,5.421475674,2459.14
48.46,5.275331241,2392.85
48.47,5.124314591,2324.35
48.48,4.982314848,2259.94
48.49,4.858525288,2203.79
48.5,4.743399894,2151.57
48.51,4.603141803,2087.95
48.52,4.454682516,2020.61
48.53,4.297316553,1949.23
48.54,4.130801407,1873.7
48.55,3.991072425,1810.32
48.56,3.861616984,1751.6
48.58,3.73136788,1692.52
48.59,3.575831754,1621.97
48.6,3.392914215,1539
48.61,3.216059388,1458.78
48.62,3.031995446,1375.29
48.63,2.858778246,1296.72
48.64,2.720394084,1233.95
48.65,2.602380635,1180.42
48.66,2.489856697,1129.38
48.67,2.376517048,1077.97
48.69,2.257776073,1024.11
48.7,2.138417805,969.97
48.71,2.025651357,918.82
48.72,1.912289662,867.4
48.73,1.810259727,821.12
48.74,1.724125121,782.05
48.75,1.635300876,741.76
48.76,1.537503816,697.4
48.77,1.468212527,665.97
48.78,1.398833054,634.5
48.79,1.32711668,601.97
48.81,1.25888361,571.02
48.82,1.19111351,540.28
48.83,1.128568366,511.91
48.84,1.072196166,486.34
48.85,1.013178418,459.57
48.86,0.958944702,434.97
48.87,0.902307947,409.28
48.88,0.844811389,383.2
48.89,0.784647237,355.91
48.9,0.731339462,331.73
48.92,0.691876717,313.83
48.92,0.653824931,296.57
48.94,0.613039412,278.07
48.95,0.573466436,260.12
48.96,0.536627192,243.41
48.97,0.505960892,229.5
48.98,0.4804975,217.95
48.99,0.455012063,206.39
49,0.424720548,192.65
49.01,0.386426253,175.28
49.02,0.34835242,158.01
49.03,0.31669404,143.65
49.05,0.283227868,128.47
49.06,0.250114436,113.45
49.07,0.217530114,98.67
49.08,0.19003847,86.2
49.09,0.159945371,72.55
49.1,0.133710362,60.65
49.11,0.110517732,50.13
49.12,0.094909004,43.05
49.13,0.084106353,38.15
49.14,0.071054987,32.23
49.15,0.059921643,27.18
49.17,0.048193051,21.86
49.18,0.037478585,17
49.19,0.025970454,11.78
49.2,0.014594602,6.62
49.21,0.004960401,2.25
49.22,-0.001036173,-0.47
49.23,-0.007561856,-3.43
49.24,-0.015476451,-7.02
49.25,-0.024757912,-11.23
49.26,-0.035318054,-16.02
49.28,-0.045349087,-20.57
49.29,-0.051257476,-23.25
49.3,-0.057143818,-25.92
49.31,-0.062016034,-28.13
49.32,-0.066403233,-30.12
49.33,-0.071231357,-32.31
49.34,-0.0750674,-34.05
49.35,-0.077294069,-35.06
49.36,-0.078594796,-35.65
49.37,-0.080248263,-36.4
49.38,-0.081526945,-36.98
49.4,-0.082188331,-37.28
49.41,-0.082585163,-37.46
49.42,-0.082298562,-37.33
49.43,-0.08377566,-38
49.44,-0.084569324,-38.36
49.45,-0.084855925,-38.49
49.46,-0.084150445,-38.17
49.47,-0.083731567,-37.98
49.48,-0.084503185,-38.33
49.49,-0.084701601,-38.42
49.5,-0.083312689,-37.79
49.51,-0.083334735,-37.8
49.53,-0.084040214,-38.12
49.54,-0.083665428,-37.95
49.55,-0.083929983,-38.07
49.56,-0.083665428,-37.95
49.57,-0.08342292,-37.84
49.58,-0.083665428,-37.95
49.59,-0.083797706,-38.01
49.6,-0.084062261,-38.13
49.61,-0.085098433,-38.6
49.62,-0.084877971,-38.5
49.63,-0.08558345,-38.82
49.65,-0.08494411,-38.53
49.66,-0.084679555,-38.41
49.67,-0.085010248,-38.56
49.68,-0.08494411,-38.53
49.69,-0.085186618,-38.64
49.7,-0.085671635,-38.86
49.71,-0.085737774,-38.89
49.72,-0.085230711,-38.66
49.73,-0.085848005,-38.94
49.74,-0.085495265,-38.78
49.76,-0.085649589,-38.85
49.77,-0.086068467,-39.04
49.78,-0.086487345,-39.23
49.79,-0.085980282,-39
49.8,-0.086090513,-39.05
49.81,-0.086024375,-39.02
49.82,-0.085274803,-38.68
49.83,-0.08575982,-38.9
49.84,-0.086288929,-39.14
49.85,-0.08558345,-38.82
49.87,-0.086244837,-39.12
49.88,-0.086619623,-39.29
49.89,-0.086200745,-39.1
49.9,-0.085649589,-38.85
49.91,-0.086795993,-39.37
49.92,-0.087082594,-39.5
49.93,-0.086222791,-39.11
49.94,-0.086002328,-39.01
49.95,-0.086487345,-39.23
49.96,-0.08657553,-39.27
49.97,-0.086531438,-39.25
49.99,-0.086487345,-39.23
50,-0.086443253,-39.21
50.01,-0.085958236,-38.99
50.02,-0.085914144,-38.97
50.03,-0.086553484,-39.26
50.04,-0.086046421,-39.03
50.05,-0.085715728,-38.88
50.06,-0.085892097,-38.96
50.07,-0.086024375,-39.02
50.08,-0.086288929,-39.14
50.09,-0.086597577,-39.28
50.1,-0.086355068,-39.17
50.12,-0.08593619,-38.98
50.13,-0.086178698,-39.09
50.14,-0.086377114,-39.18
50.15,-0.086355068,-39.17
50.16,-0.086553484,-39.26
50.17,-0.086377114,-39.18
50.18,-0.086663715,-39.31
50.19,-0.086553484,-39.26
50.2,-0.086178698,-39.09
50.21,-0.086244837,-39.12
50.22,-0.086950316,-39.44
50.24,-0.087303056,-39.6
50.25,-0.086862131,-39.4
50.26,-0.086663715,-39.31
50.27,-0.08692827,-39.43
50.28,-0.086355068,-39.17
50.29,-0.08657553,-39.27
50.3,-0.08774398,-39.8
50.31,-0.087258963,-39.58
50.32,-0.087214871,-39.56
50.33,-0.087457379,-39.67
50.35,-0.086994409,-39.46
50.36,-0.087082594,-39.5
50.37,-0.087589657,-39.73
50.38,-0.087832165,-39.84
50.39,-0.087699888,-39.78
50.4,-0.087325102,-39.61
50.41,-0.086972362,-39.45
50.42,-0.085870051,-38.95
50.43,-0.086222791,-39.11
50.44,-0.086531438,-39.25
50.45,-0.085892097,-38.96
50.47,-0.086266883,-39.13
50.48,-0.086377114,-39.18
50.49,-0.086685761,-39.32
50.5,-0.086641669,-39.3
50.51,-0.087148732,-39.53
50.52,-0.087457379,-39.67
50.53,-0.087148732,-39.53
50.54,-0.086972362,-39.45
50.55,-0.087236917,-39.57
50.56,-0.087523518,-39.7
50.57,-0.087413287,-39.65
50.58,-0.086972362,-39.45
50.6,-0.086994409,-39.46
50.61,-0.087479426,-39.68
50.62,-0.087479426,-39.68
50.63,-0.086884178,-39.41
50.64,-0.086178698,-39.09
50.65,-0.086619623,-39.29
50.66,-0.087258963,-39.58
50.67,-0.087964443,-39.9
50.68,-0.087677842,-39.77
50.69,-0.087876258,-39.86
50.71,-0.088030581,-39.93
50.72,-0.087898304,-39.87
50.73,-0.088118766,-39.97
50.74,-0.088140812,-39.98
50.75,-0.088802199,-40.28
50.76,-0.088361275,-40.08
50.77,-0.088030581,-39.93
50.78,-0.086906224,-39.42
50.79,-0.086795993,-39.37
50.8,-0.087369195,-39.63
50.81,-0.087523518,-39.7
50.83,-0.087391241,-39.64
50.84,-0.087523518,-39.7
50.85,-0.087567611,-39.72
50.86,-0.087501472,-39.69
50.87,-0.087655795,-39.76
50.88,-0.087876258,-39.86
50.89,-0.087898304,-39.87
50.9,-0.08809672,-39.96
50.91,-0.087589657,-39.73
50.92,-0.087766027,-39.81
50.93,-0.088383321,-40.09
50.94,-0.088758107,-40.26
50.96,-0.088515598,-40.15
50.97,-0.087942396,-39.89
50.98,-0.087788073,-39.82
50.99,-0.088295136,-40.05
51,-0.088780153,-40.27
51.01,-0.088714014,-40.24
51.02,-0.088758107,-40.26
51.03,-0.088339228,-40.07
51.04,-0.088824245,-40.29
51.06,-0.088251044,-40.03
51.07,-0.088074674,-39.95
51.08,-0.088295136,-40.05
51.09,-0.088802199,-40.28
51.1,-0.088339228,-40.07
51.11,-0.088471506,-40.13
51.12,-0.088603783,-40.19
51.13,-0.088515598,-40.15
51.14,-0.089022661,-40.38
51.15,-0.089176985,-40.45
51.16,-0.089066754,-40.4
51.17,-0.088581737,-40.18
51.19,-0.088427413,-40.11
51.2,-0.08809672,-39.96
51.21,-0.088515598,-40.15
51.22,-0.088625829,-40.2
51.23,-0.08926517,-40.49
51.24,-0.089595863,-40.64
51.25,-0.088868338,-40.31
51.26,-0.088581737,-40.18
51.27,-0.08891243,-40.33
51.28,-0.088934477,-40.34
51.29,-0.088317182,-40.06
51.31,-0.087810119,-39.83
51.32,-0.088647876,-40.21
51.33,-0.088934477,-40.34
51.34,-0.088206951,-40.01
51.35,-0.088361275,-40.08
51.36,-0.089154939,-40.44
51.37,-0.089243124,-40.48
51.38,-0.089044708,-40.39
51.39,-0.088868338,-40.31
51.4,-0.088758107,-40.26
51.42,-0.088714014,-40.24
51.43,-0.08827309,-40.04
51.44,-0.088162859,-39.99
51.45,-0.088824245,-40.29
51.46,-0.089353355,-40.53
51.47,-0.089485632,-40.59
51.48,-0.089375401,-40.54
51.49,-0.08891243,-40.33
51.5,-0.08827309,-40.04
51.51,-0.088868338,-40.31
51.52,-0.088978569,-40.36
51.53,-0.08891243,-40.33
51.55,-0.088868338,-40.31
51.56,-0.088802199,-40.28
51.57,-0.089154939,-40.44
51.58,-0.090014742,-40.83
51.59,-0.089706094,-40.69
51.6,-0.089595863,-40.64
51.61,-0.089243124,-40.48
51.62,-0.089375401,-40.54
51.63,-0.089639956,-40.66
51.64,-0.08961791,-40.65
51.65,-0.089706094,-40.69
51.67,-0.089639956,-40.66
51.68,-0.089199031,-40.46
51.69,-0.088647876,-40.21
51.7,-0.088758107,-40.26
51.71,-0.089154939,-40.44
51.72,-0.088868338,-40.31
51.73,-0.088581737,-40.18
51.74,-0.088824245,-40.29
51.75,-0.08891243,-40.33
51.76,-0.089000615,-40.37
51.78,-0.088669922,-40.22
51.79,-0.088934477,-40.34
51.8,-0.089463586,-40.58
51.81,-0.089000615,-40.37
51.82,-0.088603783,-40.19
51.83,-0.088339228,-40.07
51.84,-0.088515598,-40.15
51.85,-0.089529725,-40.61
51.86,-0.089132893,-40.43
51.87,-0.088647876,-40.21
51.88,-0.088758107,-40.26
51.9,-0.089243124,-40.48
51.91,-0.089375401,-40.54
51.92,-0.088537644,-40.16
51.93,-0.089044708,-40.39
51.94,-0.089573817,-40.63
51.95,-0.089132893,-40.43
51.96,-0.089066754,-40.4
51.97,-0.089485632,-40.59
51.98,-0.089419494,-40.56
51.99,-0.089243124,-40.48
52.01,-0.089110846,-40.42
52.01,-0.088846292,-40.3
52.03,-0.088758107,-40.26
52.04,-0.08844946,-40.12
52.05,-0.088669922,-40.22
52.06,-0.088669922,-40.22
52.07,-0.088515598,-40.15
52.08,-0.088471506,-40.13
52.09,-0.088515598,-40.15
52.1,-0.088317182,-40.06
52.11,-0.088669922,-40.22
52.13,-0.088758107,-40.26
52.14,-0.088471506,-40.13
52.15,-0.089044708,-40.39
52.16,-0.08891243,-40.33
52.17,-0.089066754,-40.4
52.18,-0.089397447,-40.55
52.19,-0.08961791,-40.65
52.2,-0.089110846,-40.42
52.21,-0.088802199,-40.28
52.22,-0.088956523,-40.35
52.23,-0.089529725,-40.61
52.24,-0.089353355,-40.53
52.26,-0.089176985,-40.45
52.27,-0.088934477,-40.34
52.28,-0.089397447,-40.55
52.29,-0.089221078,-40.47
52.3,-0.089022661,-40.38
52.31,-0.089463586,-40.58
52.32,-0.089573817,-40.63
52.33,-0.088956523,-40.35
52.34,-0.088758107,-40.26
52.35,-0.088647876,-40.21
52.37,-0.089882464,-40.77
52.38,-0.089772233,-40.72
52.39,-0.08961791,-40.65
52.4,-0.08926517,-40.49
52.41,-0.0890888,-40.41
52.42,-0.089176985,-40.45
52.43,-0.089529725,-40.61
52.44,-0.089838372,-40.75
52.45,-0.089992695,-40.82
52.46,-0.08944154,-40.57
52.47,-0.088978569,-40.36
52.49,-0.089573817,-40.63
52.5,-0.089728141,-40.7
52.51,-0.089662002,-40.67
52.52,-0.089573817,-40.63
52.53,-0.089882464,-40.77
52.54,-0.089595863,-40.64
52.55,-0.089595863,-40.64
52.56,-0.089772233,-40.72
52.57,-0.090124973,-40.88
52.58,-0.089904511,-40.78
52.59,-0.089243124,-40.48
52.6,-0.089573817,-40.63
52.62,-0.089662002,-40.67
52.63,-0.089882464,-40.77
52.64,-0.089860418,-40.76
52.65,-0.089397447,-40.55
52.66,-0.089243124,-40.48
52.67,-0.089728141,-40.7
52.68,-0.089309262,-40.51
52.69,-0.089309262,-40.51
52.7,-0.08926517,-40.49
52.71,-0.089639956,-40.66
52.72,-0.089309262,-40.51
52.74,-0.088868338,-40.31
52.75,-0.088780153,-40.27
52.76,-0.089331309,-40.52
52.77,-0.089463586,-40.58
52.78,-0.089529725,-40.61
52.79,-0.089551771,-40.62
52.8,-0.088890384,-40.32
52.81,-0.08891243,-40.33
52.82,-0.089816326,-40.74
52.83,-0.090124973,-40.88
52.85,-0.089529725,-40.61
52.86,-0.08926517,-40.49
52.87,-0.089309262,-40.51
52.88,-0.088934477,-40.34
52.89,-0.089176985,-40.45
52.9,-0.08926517,-40.49
52.91,-0.089595863,-40.64
52.92,-0.089750187,-40.71
52.93,-0.089110846,-40.42
52.94,-0.088802199,-40.28
52.96,-0.089684048,-40.68
52.97,-0.089992695,-40.82
52.98,-0.089838372,-40.75
52.99,-0.089706094,-40.69
53,-0.089353355,-40.53
53.01,-0.089353355,-40.53
53.02,-0.090102927,-40.87
53.03,-0.090720221,-41.15
53.04,-0.090102927,-40.87
53.05,-0.089662002,-40.67
53.06,-0.089485632,-40.59
53.08,-0.089485632,-40.59
53.08,-0.089375401,-40.54
53.1,-0.089353355,-40.53
53.11,-0.089639956,-40.66
53.12,-0.089199031,-40.46
53.13,-0.089044708,-40.39
53.14,-0.088846292,-40.3
53.15,-0.088978569,-40.36
53.16,-0.088978569,-40.36
53.17,-0.0890888,-40.41
53.18,-0.089970649,-40.81
53.19,-0.090323389,-40.97
53.21,-0.090764313,-41.17
53.22,-0.090565897,-41.08
53.23,-0.090124973,-40.88
53.24,-0.090058834,-40.85
53.25,-0.091095007,-41.32
53.26,-0.090764313,-41.17
53.27,-0.090499759,-41.05
53.28,-0.09060999,-41.1
53.29,-0.089595863,-40.64
53.3,-0.090014742,-40.83
53.31,-0.090169065,-40.9
53.33,-0.090279296,-40.95
53.34,-0.090455666,-41.03
53.35,-0.090543851,-41.07
53.36,-0.090279296,-40.95
53.37,-0.090477712,-41.04
53.38,-0.090345435,-40.98
53.39,-0.090191111,-40.91
53.4,-0.089838372,-40.75
53.41,-0.089970649,-40.81
53.42,-0.089926557,-40.79
53.44,-0.090632036,-41.11
53.45,-0.090565897,-41.08
53.46,-0.090191111,-40.91
53.47,-0.091006822,-41.28
53.48,-0.091227284,-41.38
53.49,-0.090940683,-41.25
53.5,-0.090852498,-41.21
53.51,-0.090565897,-41.08
53.52,-0.090852498,-41.21
53.53,-0.091139099,-41.34
53.54,-0.09060999,-41.1
53.56,-0.091337515,-41.43
53.57,-0.091447746,-41.48
53.58,-0.091117053,-41.33
53.59,-0.091469793,-41.49
53.6,-0.091161145,-41.35
53.61,-0.091050914,-41.3
53.62,-0.091491839,-41.5
53.63,-0.091557977,-41.53
53.64,-0.091513885,-41.51
53.65,-0.091293423,-41.41
53.66,-0.091403654,-41.46
53.67,-0.090499759,-41.05
53.69,-0.090940683,-41.25
53.7,-0.091535931,-41.52
53.71,-0.091095007,-41.32
53.72,-0.090213158,-40.92
53.73,-0.089992695,-40.82
53.74,-0.090455666,-41.03
53.75,-0.090918637,-41.24
53.76,-0.089595863,-40.64
53.77,-0.090191111,-40.91
53.78,-0.09160207,-41.55
53.79,-0.091271377,-41.4
53.81,-0.09060999,-41.1
53.82,-0.091139099,-41.34
53.83,-0.090698175,-41.14
53.84,-0.090213158,-40.92
53.85,-0.090389527,-41
53.86,-0.091271377,-41.4
53.87,-0.0914257,-41.47
53.88,-0.09177844,-41.63
53.89,-0.091028868,-41.29
53.9,-0.091117053,-41.33
53.92,-0.090279296,-40.95
53.93,-0.090345435,-40.98
53.94,-0.090918637,-41.24
53.95,-0.091315469,-41.42
53.96,-0.0914257,-41.47
53.97,-0.091183192,-41.36
53.98,-0.091028868,-41.29
53.99,-0.090676128,-41.13
54,-0.090323389,-40.97
54.01,-0.090896591,-41.23
54.03,-0.09124933,-41.39
54.04,-0.09043362,-41.02
54.05,-0.091205238,-41.37
54.06,-0.091205238,-41.37
54.07,-0.091205238,-41.37
54.08,-0.091910717,-41.69
54.09,-0.091888671,-41.68
54.1,-0.091293423,-41.41
54.11,-0.091359561,-41.44
54.12,-0.091183192,-41.36
54.13,-0.091117053,-41.33
54.14,-0.089992695,-40.82
54.15,-0.090477712,-41.04
54.17,-0.090169065,-40.9
54.18,-0.090477712,-41.04
54.19,-0.090764313,-41.17
54.2,-0.090455666,-41.03
54.21,-0.089816326,-40.74
54.22,-0.090808406,-41.19
54.23,-0.091072961,-41.31
54.24,-0.090455666,-41.03
54.25,-0.090521805,-41.06
54.26,-0.090852498,-41.21
54.28,-0.090543851,-41.07
54.29,-0.089551771,-40.62
54.3,-0.089728141,-40.7
54.31,-0.089816326,-40.74
54.32,-0.090323389,-40.97
54.33,-0.090455666,-41.03
54.34,-0.090124973,-40.88
54.35,-0.089794279,-40.73
54.36,-0.09043362,-41.02
54.37,-0.090521805,-41.06
54.38,-0.09025725,-40.94
54.4,-0.090323389,-40.97
54.41,-0.090169065,-40.9
54.42,-0.090499759,-41.05
54.43,-0.090455666,-41.03
54.44,-0.090742267,-41.16
54.45,-0.090587944,-41.09
54.46,-0.09043362,-41.02
54.47,-0.090389527,-41
54.48,-0.090014742,-40.83
54.49,-0.089992695,-40.82
54.51,-0.090389527,-41
54.52,-0.090808406,-41.19
54.53,-0.089816326,-40.74
54.54,-0.090367481,-40.99
54.55,-0.090235204,-40.93
54.56,-0.090632036,-41.11
54.57,-0.090014742,-40.83
54.58,-0.090455666,-41.03
54.59,-0.091139099,-41.34
54.6,-0.090698175,-41.14
54.61,-0.090455666,-41.03
54.63,-0.090698175,-41.14
54.64,-0.090169065,-40.9
54.65,-0.090896591,-41.23
54.66,-0.0914257,-41.47
54.67,-0.09160207,-41.55
54.68,-0.090852498,-41.21
54.69,-0.090587944,-41.09
54.7,-0.090720221,-41.15
54.71,-0.09124933,-41.39
54.72,-0.091690255,-41.59
54.73,-0.090874544,-41.22
54.74,-0.090124973,-40.88
54.76,-0.090235204,-40.93
54.77,-0.091139099,-41.34
54.78,-0.090764313,-41.17
54.79,-0.090896591,-41.23
54.8,-0.091139099,-41.34
54.81,-0.091513885,-41.51
54.82,-0.091822532,-41.65
54.83,-0.09195481,-41.71
54.84,-0.092175272,-41.81
54.85,-0.092373688,-41.9
54.87,-0.091756394,-41.62
54.88,-0.091095007,-41.32
54.89,-0.090984776,-41.27
54.9,-0.091183192,-41.36
54.91,-0.091822532,-41.65
54.92,-0.092087087,-41.77
54.93,-0.091866625,-41.67
54.94,-0.091315469,-41.42
54.95,-0.091403654,-41.46
54.96,-0.09160207,-41.55
54.97,-0.091734347,-41.61
54.99,-0.091976856,-41.72
55,-0.091690255,-41.59
55.01,-0.090984776,-41.27
55.02,-0.090632036,-41.11
55.03,-0.090808406,-41.19
55.04,-0.091469793,-41.49
55.05,-0.091888671,-41.68
55.06,-0.091337515,-41.43
55.07,-0.091050914,-41.3
55.08,-0.091403654,-41.46
55.09,-0.090852498,-41.21
55.1,-0.091161145,-41.35
55.12,-0.090808406,-41.19
55.13,-0.090367481,-40.99
55.14,-0.091403654,-41.46
55.15,-0.091491839,-41.5
55.16,-0.090896591,-41.23
55.17,-0.091447746,-41.48
55.18,-0.092858705,-42.12
55.19,-0.092528011,-41.97
55.2,-0.091624116,-41.56
55.22,-0.091271377,-41.4
55.22,-0.091624116,-41.56
55.24,-0.091006822,-41.28
55.25,-0.091183192,-41.36
55.26,-0.091690255,-41.59
55.27,-0.092042994,-41.75
55.28,-0.091756394,-41.62
55.29,-0.091910717,-41.69
55.3,-0.091866625,-41.67
55.31,-0.091646162,-41.57
55.32,-0.091712301,-41.6
55.33,-0.091888671,-41.68
55.35,-0.091932763,-41.7
55.36,-0.091844578,-41.66
55.37,-0.09177844,-41.63
55.38,-0.092109133,-41.78
55.39,-0.092131179,-41.79
55.4,-0.091624116,-41.56
55.41,-0.091491839,-41.5
55.42,-0.091646162,-41.57
55.43,-0.091447746,-41.48
55.44,-0.091050914,-41.3
55.46,-0.091513885,-41.51
55.47,-0.092439827,-41.93
55.48,-0.092572104,-41.99
55.49,-0.092263457,-41.85
55.5,-0.091668209,-41.58
55.51,-0.091117053,-41.33
55.52,-0.091183192,-41.36
55.53,-0.091557977,-41.53
55.54,-0.091822532,-41.65
55.55,-0.091976856,-41.72
55.56,-0.092042994,-41.75
55.58,-0.092439827,-41.93
55.59,-0.092329595,-41.88
55.6,-0.091469793,-41.49
55.61,-0.091734347,-41.61
55.62,-0.092263457,-41.85
55.63,-0.092087087,-41.77
55.64,-0.091491839,-41.5
55.65,-0.092042994,-41.75
55.66,-0.091513885,-41.51
55.67,-0.091822532,-41.65
55.68,-0.091646162,-41.57
55.69,-0.09060999,-41.1
55.71,-0.092175272,-41.81
55.72,-0.093101213,-42.23
55.73,-0.092483919,-41.95
55.74,-0.091998902,-41.73
55.75,-0.091580024,-41.54
55.76,-0.091227284,-41.38
55.77,-0.091535931,-41.52
55.78,-0.091469793,-41.49
55.79,-0.091337515,-41.43
55.8,-0.091646162,-41.57
55.81,-0.092638243,-42.02
55.83,-0.091888671,-41.68
55.84,-0.091734347,-41.61
55.85,-0.092219364,-41.83
55.86,-0.092065041,-41.76
55.87,-0.091271377,-41.4
55.88,-0.091447746,-41.48
55.89,-0.091469793,-41.49
55.9,-0.091095007,-41.32
55.91,-0.091359561,-41.44
55.92,-0.091469793,-41.49
55.94,-0.091866625,-41.67
55.95,-0.091646162,-41.57
55.96,-0.091690255,-41.59
55.97,-0.092042994,-41.75
55.98,-0.09224141,-41.84
55.99,-0.091998902,-41.73
56,-0.091756394,-41.62
56.01,-0.091624116,-41.56
56.02,-0.09160207,-41.55
56.03,-0.091580024,-41.54
56.04,-0.09177844,-41.63
56.06,-0.091315469,-41.42
56.07,-0.091557977,-41.53
56.08,-0.09195481,-41.71
56.09,-0.091557977,-41.53
56.1,-0.091491839,-41.5
56.11,-0.092065041,-41.76
56.12,-0.092087087,-41.77
56.13,-0.091712301,-41.6
56.14,-0.091668209,-41.58
56.15,-0.092263457,-41.85
56.16,-0.091646162,-41.57
56.18,-0.091557977,-41.53
56.19,-0.092528011,-41.97
56.2,-0.092990982,-42.18
56.21,-0.092042994,-41.75
56.22,-0.091800486,-41.64
56.23,-0.091557977,-41.53
56.24,-0.091624116,-41.56
56.25,-0.092351642,-41.89
56.26,-0.092351642,-41.89
56.27,-0.092638243,-42.02
56.28,-0.092704381,-42.05
56.29,-0.092020948,-41.74
56.31,-0.091337515,-41.43
56.32,-0.091337515,-41.43
56.33,-0.091491839,-41.5
56.34,-0.091998902,-41.73
56.35,-0.092042994,-41.75
56.36,-0.092219364,-41.83
56.37,-0.09177844,-41.63
56.38,-0.09124933,-41.39
56.39,-0.091072961,-41.31
56.4,-0.091557977,-41.53
56.42,-0.091072961,-41.31
56.43,-0.091381608,-41.45
56.44,-0.091271377,-41.4
56.45,-0.091624116,-41.56
56.46,-0.091998902,-41.73
56.47,-0.092020948,-41.74
56.48,-0.091139099,-41.34
56.49,-0.075839018,-34.4
56.5,-0.016644901,-7.55
56.51,0.023677647,10.74
56.53,0.008906675,4.04
56.54,0.017306288,7.85
56.55,1.318672975,598.14
56.56,7.296419029,3309.6
56.57,2.900159013,1315.49
56.58,-0.281089384,-127.5
56.59,-0.305163863,-138.42
56.6,-0.306332313,-138.95
56.61,-0.30600162,-138.8
56.62,-0.307236209,-139.36
56.63,-0.305538649,-138.59
56.65,-0.30582525,-138.72
56.66,-0.306310267,-138.94
56.67,-0.305935481,-138.77
56.68,-0.305935481,-138.77
56.69,-0.305869343,-138.74
56.7,-0.306398452,-138.98
56.71,-0.305957527,-138.78
56.72,-0.306332313,-138.95
56.73,-0.306464591,-139.01
56.74,-0.306332313,-138.95
56.75,-0.306464591,-139.01
56.76,-0.306398452,-138.98
56.78,-0.306663007,-139.1
56.79,-0.305891389,-138.75
56.8,-0.306508683,-139.03
56.81,-0.306751192,-139.14
56.82,-0.306332313,-138.95
56.83,-0.3069937,-139.25
56.84,-0.307699179,-139.57
56.85,-0.307280301,-139.38
56.86,-0.306574822,-139.06
56.87,0.422934804,191.84
56.88,1.751726997,794.57
56.9,0.05123543,23.24
56.91,-0.307897595,-139.66
56.92,-0.308096011,-139.75
56.93,-0.308272381,-139.83
56.94,-0.30869126,-140.02
56.95,-0.308360566,-139.87
56.96,-0.308118058,-139.76
56.97,-0.308404659,-139.89
56.98,-0.308426705,-139.9
56.99,-0.308647167,-140
57.01,-0.308073965,-139.74
57.02,-0.308536936,-139.95
57.03,-0.308206243,-139.8
57.04,-0.307478717,-139.47
57.05,-0.075552417,-34.27
57.06,1.109498381,503.26
57.07,0.225797449,102.42
57.08,-0.307566902,-139.51
57.09,-0.308426705,-139.9
57.1,-0.308779444,-140.06
57.11,-0.309088092,-140.2
57.13,-0.309440831,-140.36
57.14,-0.309396739,-140.34
57.15,-0.308889676,-140.11
57.16,-0.308845583,-140.09
57.17,-0.309705386,-140.48
57.18,-0.262702832,-119.16
57.19,0.536649239,243.42
57.2,0.433098114,196.45
57.21,-0.282786944,-128.27
57.22,-0.308448751,-139.91
57.23,-0.309462877,-140.37
57.24,-0.309815617,-140.53
57.26,-0.309639247,-140.45
57.27,-0.308713306,-140.03
57.28,-0.308669213,-140.01
57.29,-0.279678426,-126.86
57.3,0.349212223,158.4
57.31,0.345111625,156.54
57.32,-0.281045292,-127.48
57.33,-0.308603075,-139.98
57.34,-0.309352646,-140.32
57.35,-0.309220369,-140.26
57.37,-0.309066045,-140.19
57.38,-0.304392245,-138.07
57.39,0.064044287,29.05
57.4,0.345839151,156.87
57.41,-0.242486442,-109.99
57.42,-0.308647167,-140
57.43,-0.309551062,-140.41
57.44,-0.309551062,-140.41
57.45,-0.277517896,-125.88
57.46,0.176303671,79.97
57.47,0.070525878,31.99
57.49,-0.297756331,-135.06
57.5,-0.307765318,-139.6
57.51,-0.305847296,-138.73
57.52,-0.071143172,-32.27
57.53,0.116382028,52.79
57.54,-0.264598807,-120.02
57.55,-0.309132184,-140.22
57.56,-0.239951126,-108.84
57.57,0.085186618,38.64
57.58,-0.167705643,-76.07
57.6,-0.307125977,-139.31
57.61,-0.160739035,-72.91
57.62,-0.004872216,-2.21
57.63,-0.26977967,-122.37
57.64,-0.173283338,-78.6
57.65,-0.066645742,-30.23
57.66,-0.253796156,-115.12
57.67,-0.087413287,-39.65
57.68,-0.197005077,-89.36
57.69,-0.144446874,-65.52
57.7,-0.165655344,-75.14
57.72,-0.160254018,-72.69
57.73,-0.161885439,-73.43
57.74,-0.149804107,-67.95
57.75,-0.163957784,-74.37
57.76,-0.157961211,-71.65
57.77,-0.158468274,-71.88
57.78,-0.156550252,-71.01
57.79,-0.162127948,-73.54
57.8,-0.159416262,-72.31
57.81,-0.160672897,-72.88
57.82,-0.160099695,-72.62
57.83,-0.159813094,-72.49
57.85,-0.160231972,-72.68
57.86,-0.160033556,-72.59
57.87,-0.160254018,-72.69
57.88,-0.160231972,-72.68
57.89,-0.159769001,-72.47
57.9,-0.160430388,-72.77
57.91,-0.16018788,-72.66
57.92,-0.159548539,-72.37
57.93,-0.160694943,-72.89
57.94,-0.159879233,-72.52
57.96,-0.159901279,-72.53
57.97,-0.160143787,-72.64
57.98,-0.160937451,-73
57.99,-0.160474481,-72.79
58,-0.159680817,-72.43
58.01,-0.159702863,-72.44
58.02,-0.160452434,-72.78
58.03,-0.160716989,-72.9
58.04,-0.160276065,-72.7
58.05,-0.160452434,-72.78
58.06,-0.160518573,-72.81
58.08,-0.160562666,-72.83
58.09,-0.160276065,-72.7
58.1,-0.160276065,-72.7
58.11,-0.160959498,-73.01
58.12,-0.16082722,-72.95
58.13,-0.160276065,-72.7
58.14,-0.159813094,-72.49
58.15,-0.160915405,-72.99
58.16,-0.160893359,-72.98
58.17,-0.16001151,-72.58
58.18,-0.16036425,-72.74
58.19,-0.160628804,-72.86
58.21,-0.160562666,-72.83
58.22,-0.159769001,-72.47
58.23,-0.159394216,-72.3
58.24,-0.159151707,-72.19
58.25,-0.159151707,-72.19
58.26,-0.159989464,-72.57
58.27,-0.160077649,-72.61
58.28,-0.159504447,-72.35
58.29,-0.159746955,-72.46
58.3,-0.159967417,-72.56
58.32,-0.16018788,-72.66
58.33,-0.159702863,-72.44
58.34,-0.159769001,-72.47
58.35,-0.159283984,-72.25
58.36,-0.158865106,-72.06
58.37,-0.15901943,-72.13
58.38,-0.159372169,-72.29
58.39,-0.159636724,-72.41
58.4,-0.159791048,-72.48
58.41,-0.159041476,-72.14
58.42,-0.158975337,-72.11
58.44,-0.159548539,-72.37
58.45,-0.159746955,-72.46
58.46,-0.159350123,-72.28
58.47,-0.159306031,-72.26
58.48,-0.1594824,-72.34
58.49,-0.158887152,-72.07
58.5,-0.159746955,-72.46
58.51,-0.159857186,-72.51
58.52,-0.159283984,-72.25
58.53,-0.159813094,-72.49
58.54,-0.16001151,-72.58
58.56,-0.159283984,-72.25
58.57,-0.159041476,-72.14
58.58,-0.159438308,-72.32
58.59,-0.159724909,-72.45
58.6,-0.159394216,-72.3
58.61,-0.159724909,-72.45
58.62,-0.159769001,-72.47
58.63,-0.159416262,-72.31
58.64,-0.160165833,-72.65
58.65,-0.160254018,-72.69
58.67,-0.159504447,-72.35
58.68,-0.159283984,-72.25
58.69,-0.158931245,-72.09
58.7,-0.158688736,-71.98
58.71,-0.159041476,-72.14
58.72,-0.158909199,-72.08
58.73,-0.159085568,-72.16
58.74,-0.159328077,-72.27
58.75,-0.159702863,-72.44
58.76,-0.159416262,-72.31
58.77,-0.158534413,-71.91
58.78,-0.159372169,-72.29
58.8,-0.159680817,-72.43
58.81,-0.159129661,-72.18
58.82,-0.158798967,-72.03
58.83,-0.159261938,-72.24
58.84,-0.158997383,-72.12
58.85,-0.158865106,-72.06
58.86,-0.158688736,-71.98
58.87,-0.158622598,-71.95
58.88,-0.158909199,-72.08
58.89,-0.158710783,-71.99
58.9,-0.158931245,-72.09
58.92,-0.159460354,-72.33
58.93,-0.160055602,-72.6
58.94,-0.160254018,-72.69
58.95,-0.159394216,-72.3
58.96,-0.1594824,-72.34
58.97,-0.159283984,-72.25
58.98,-0.159438308,-72.32
58.99,-0.159879233,-72.52
59,-0.1591958,-72.21
59.01,-0.159085568,-72.16
59.03,-0.159217846,-72.22
59.04,-0.158865106,-72.06
59.05,-0.158997383,-72.12
59.06,-0.159438308,-72.32
59.07,-0.159548539,-72.37
59.08,-0.15965877,-72.42
59.09,-0.158644644,-71.96
59.1,-0.159570585,-72.38
59.11,-0.15965877,-72.42
59.12,-0.159438308,-72.32
59.13,-0.159350123,-72.28
59.15,-0.159680817,-72.43
59.16,-0.160077649,-72.61
59.17,-0.159460354,-72.33
59.18,-0.159239892,-72.23
59.19,-0.159107615,-72.17
59.2,-0.159372169,-72.29
59.21,-0.159350123,-72.28
59.22,-0.159217846,-72.22
59.23,-0.159063522,-72.15
59.24,-0.159394216,-72.3
59.25,-0.159592632,-72.39
59.26,-0.159328077,-72.27
59.28,-0.159394216,-72.3
59.29,-0.159879233,-72.52
59.3,-0.159923325,-72.54
59.31,-0.159085568,-72.16
59.32,-0.159129661,-72.18
59.33,-0.159372169,-72.29
59.34,-0.159151707,-72.19
59.35,-0.159306031,-72.26
59.36,-0.159438308,-72.32
59.38,-0.15965877,-72.42
59.39,-0.158997383,-72.12
59.4,-0.158776921,-72.02
59.41,-0.158622598,-71.95
59.42,-0.158975337,-72.11
59.43,-0.160231972,-72.68
59.44,-0.160540619,-72.82
59.45,-0.159923325,-72.54
59.46,-0.16001151,-72.58
59.47,-0.159945371,-72.55
59.48,-0.159548539,-72.37
59.49,-0.159724909,-72.45
59.51,-0.159945371,-72.55
59.52,-0.159746955,-72.46
59.53,-0.160143787,-72.64
59.54,-0.159769001,-72.47
59.55,-0.159989464,-72.57
59.56,-0.15983514,-72.5
59.57,-0.158931245,-72.09
59.58,-0.159261938,-72.24
59.59,-0.158821014,-72.04
59.6,-0.159239892,-72.23
59.62,-0.15866669,-71.97
59.63,-0.159129661,-72.18
59.64,-0.160209926,-72.67
59.65,-0.159570585,-72.38
59.66,-0.159923325,-72.54
59.67,-0.160055602,-72.6
59.68,-0.159438308,-72.32
59.69,-0.160276065,-72.7
59.7,-0.160452434,-72.78
59.71,-0.1594824,-72.34
59.72,-0.159129661,-72.18
59.74,-0.160077649,-72.61
59.75,-0.160430388,-72.77
59.76,-0.159791048,-72.48
59.77,-0.159923325,-72.54
59.78,-0.160562666,-72.83
59.79,-0.159504447,-72.35
59.8,-0.159217846,-72.22
59.81,-0.159901279,-72.53
59.82,-0.159217846,-72.22
59.83,-0.15965877,-72.42
59.84,-0.159923325,-72.54
59.85,-0.159504447,-72.35
59.87,-0.158754875,-72.01
59.88,-0.159350123,-72.28
59.89,-0.15965877,-72.42
59.9,-0.159394216,-72.3
59.91,-0.159504447,-72.35
59.92,-0.160121741,-72.63
59.93,-0.159592632,-72.39
59.94,-0.159967417,-72.56
59.95,-0.159372169,-72.29
59.96,-0.159592632,-72.39
59.97,-0.159085568,-72.16
59.99,-0.159261938,-72.24
60,-0.159967417,-72.56
60.01,-0.159945371,-72.55
60.02,-0.160099695,-72.62
60.03,-0.160408342,-72.76
60.04,-0.159967417,-72.56
60.05,-0.159548539,-72.37
60.06,-0.159636724,-72.41
60.07,-0.159769001,-72.47
60.08,-0.159548539,-72.37
60.1,-0.159724909,-72.45
60.11,-0.159746955,-72.46
60.12,-0.160121741,-72.63
60.13,-0.159702863,-72.44
60.14,-0.159217846,-72.22
60.15,-0.159724909,-72.45
60.16,-0.159680817,-72.43
60.17,-0.159460354,-72.33
60.18,-0.159702863,-72.44
60.19,-0.159857186,-72.51
60.2,-0.159857186,-72.51
60.22,-0.159724909,-72.45
60.23,-0.160342203,-72.73
60.24,-0.160915405,-72.99
60.25,-0.160540619,-72.82
60.26,-0.160430388,-72.77
60.27,-0.160165833,-72.65
60.28,-0.159813094,-72.49
60.29,-0.16018788,-72.66
60.3,-0.16001151,-72.58
60.31,-0.16001151,-72.58
60.32,-0.159680817,-72.43
60.33,-0.1594824,-72.34
60.35,-0.159306031,-72.26
60.36,-0.159460354,-72.33
60.37,-0.160165833,-72.65
60.38,-0.15965877,-72.42
60.39,-0.159438308,-72.32
60.4,-0.15965877,-72.42
60.41,-0.159791048,-72.48
60.42,-0.159769001,-72.47
60.43,-0.159592632,-72.39
60.44,-0.159416262,-72.31
60.46,-0.158975337,-72.11
60.47,-0.159813094,-72.49
60.48,-0.159328077,-72.27
60.49,-0.159261938,-72.24
60.5,-0.159702863,-72.44
60.51,-0.1591958,-72.21
60.52,-0.158776921,-72.02
60.53,-0.1591958,-72.21
60.54,-0.158909199,-72.08
60.55,-0.159063522,-72.15
60.56,-0.159813094,-72.49
60.58,-0.160055602,-72.6
60.59,-0.160099695,-72.62
60.6,-0.1591958,-72.21
60.61,-0.15884306,-72.05
60.62,-0.158688736,-71.98
60.63,-0.158865106,-72.06
60.64,-0.159813094,-72.49
60.65,-0.159526493,-72.36
60.66,-0.159261938,-72.24
60.67,-0.159724909,-72.45
60.69,-0.16001151,-72.58
60.7,-0.16001151,-72.58
60.71,-0.159460354,-72.33
60.72,-0.160452434,-72.78
60.73,-0.160254018,-72.69
60.74,-0.160320157,-72.72
60.75,-0.159283984,-72.25
60.76,-0.159306031,-72.26
60.77,-0.160099695,-72.62
60.78,-0.160121741,-72.63
60.79,-0.159570585,-72.38
60.81,-0.158887152,-72.07
60.82,-0.158225766,-71.77
60.83,-0.159173753,-72.2
60.84,-0.159680817,-72.43
60.85,-0.1594824,-72.34
60.86,-0.159372169,-72.29
60.87,-0.1594824,-72.34
60.88,-0.160254018,-72.69
60.89,-0.159967417,-72.56
60.9,-0.159350123,-72.28
60.91,-0.159967417,-72.56
60.92,-0.159306031,-72.26
60.94,-0.159372169,-72.29
60.95,-0.159746955,-72.46
60.96,-0.159328077,-72.27
60.97,-0.159283984,-72.25
60.98,-0.158975337,-72.11
60.99,-0.158821014,-72.04
61,-0.159350123,-72.28
61.01,-0.159261938,-72.24
61.02,-0.158380089,-71.84
61.03,-0.159063522,-72.15
61.05,-0.159306031,-72.26
61.06,-0.159063522,-72.15
61.07,-0.159394216,-72.3
61.08,-0.159261938,-72.24
61.09,-0.15831395,-71.81
61.1,-0.158335997,-71.82
61.11,-0.1594824,-72.34
61.12,-0.160231972,-72.68
61.13,-0.159239892,-72.23
61.14,-0.159438308,-72.32
61.15,-0.159570585,-72.38
61.17,-0.159548539,-72.37
61.18,-0.159791048,-72.48
61.19,-0.159504447,-72.35
61.2,-0.158556459,-71.92
61.21,-0.159041476,-72.14
61.22,-0.15965877,-72.42
61.23,-0.159614678,-72.4
61.24,-0.159570585,-72.38
61.25,-0.159592632,-72.39
61.26,-0.159813094,-72.49
61.27,-0.159592632,-72.39
61.28,-0.159901279,-72.53
61.3,-0.159460354,-72.33
61.31,-0.159129661,-72.18
61.32,-0.158909199,-72.08
61.33,-0.158578505,-71.93
61.34,-0.159328077,-72.27
61.35,-0.159239892,-72.23
61.36,-0.159372169,-72.29
61.37,-0.159261938,-72.24
61.38,-0.159239892,-72.23
61.39,-0.159283984,-72.25
61.4,-0.159394216,-72.3
61.42,-0.16018788,-72.66
61.43,-0.159967417,-72.56
61.44,-0.159614678,-72.4
61.45,-0.158953291,-72.1
61.46,-0.158909199,-72.08
61.47,-0.159438308,-72.32
61.48,-0.159570585,-72.38
61.49,-0.159636724,-72.41
61.5,-0.159702863,-72.44
61.51,-0.159570585,-72.38
61.53,-0.159129661,-72.18
61.54,-0.158975337,-72.11
61.55,-0.159746955,-72.46
61.56,-0.159813094,-72.49
61.57,-0.159614678,-72.4
61.58,-0.158821014,-72.04
61.59,-0.158269858,-71.79
61.6,-0.158468274,-71.88
61.61,-0.158446228,-71.87
61.62,-0.158798967,-72.03
61.63,-0.159063522,-72.15
61.65,-0.159129661,-72.18
61.66,-0.159217846,-72.22
61.67,-0.159372169,-72.29
61.68,-0.159438308,-72.32
61.69,-0.159548539,-72.37
61.7,-0.159261938,-72.24
61.71,-0.15901943,-72.13
61.72,-0.159394216,-72.3
61.73,-0.159041476,-72.14
61.74,-0.158931245,-72.09
61.76,-0.159460354,-72.33
61.77,-0.1591958,-72.21
61.78,-0.159107615,-72.17
61.79,-0.159151707,-72.19
61.8,-0.159460354,-72.33
61.81,-0.159504447,-72.35
61.82,-0.159283984,-72.25
61.83,-0.159063522,-72.15
61.84,-0.1594824,-72.34
61.85,-0.159504447,-72.35
61.86,-0.159173753,-72.2
61.88,-0.159350123,-72.28
61.89,-0.159857186,-72.51
61.9,-0.160055602,-72.6
61.91,-0.159372169,-72.29
61.92,-0.159394216,-72.3
61.93,-0.15965877,-72.42
61.94,-0.159416262,-72.31
61.95,-0.160077649,-72.61
61.96,-0.159570585,-72.38
61.97,-0.159592632,-72.39
61.98,-0.160452434,-72.78
61.99,-0.159901279,-72.53
62.01,-0.159769001,-72.47
62.02,-0.160143787,-72.64
62.03,-0.16001151,-72.58
62.04,-0.158975337,-72.11
62.05,-0.159217846,-72.22
62.06,-0.1594824,-72.34
62.07,-0.1591958,-72.21
62.08,-0.159592632,-72.39
62.09,-0.159636724,-72.41
62.1,-0.159129661,-72.18
62.12,-0.158776921,-72.02
62.13,-0.159217846,-72.22
62.14,-0.159592632,-72.39
62.15,-0.159350123,-72.28
62.16,-0.1591958,-72.21
62.17,-0.158688736,-71.98
62.18,-0.157895072,-71.62
62.19,-0.158225766,-71.77
62.2,-0.15884306,-72.05
62.21,-0.1594824,-72.34
62.22,-0.159283984,-72.25
62.24,-0.158931245,-72.09
62.25,-0.158600551,-71.94
62.26,-0.15866669,-71.97
62.27,-0.159085568,-72.16
62.28,-0.158953291,-72.1
62.29,-0.159460354,-72.33
62.3,-0.159129661,-72.18
62.31,-0.158556459,-71.92
62.32,-0.158931245,-72.09
62.33,-0.159217846,-72.22
62.34,-0.158600551,-71.94
62.35,-0.158093488,-71.71
62.37,-0.158291904,-71.8
62.38,-0.159129661,-72.18
62.39,-0.159107615,-72.17
62.4,-0.158644644,-71.96
62.41,-0.158776921,-72.02
62.42,-0.159063522,-72.15
62.43,-0.159041476,-72.14
62.44,-0.158975337,-72.11
62.45,-0.159548539,-72.37
62.47,-0.160143787,-72.64
62.47,-0.158953291,-72.1
62.49,-0.158424182,-71.86
62.5,-0.15884306,-72.05
62.51,-0.158622598,-71.95
62.52,-0.15849032,-71.89
62.53,-0.159107615,-72.17
62.54,-0.159548539,-72.37
62.55,-0.158710783,-71.99
62.56,-0.158578505,-71.93
62.57,-0.15884306,-72.05
62.58,-0.158754875,-72.01
62.6,-0.159085568,-72.16
62.61,-0.159085568,-72.16
62.62,-0.158424182,-71.86
62.63,-0.15831395,-71.81
62.64,-0.158203719,-71.76
62.65,-0.159173753,-72.2
62.66,-0.159769001,-72.47
62.67,-0.159857186,-72.51
62.68,-0.158865106,-72.06
62.69,-0.158865106,-72.06
62.7,-0.159394216,-72.3
62.72,-0.158798967,-72.03
62.73,-0.159041476,-72.14
62.74,-0.158909199,-72.08
62.75,-0.159261938,-72.24
62.76,-0.159813094,-72.49
62.77,-0.159702863,-72.44
62.78,-0.159901279,-72.53
62.79,-0.159085568,-72.16
62.8,-0.1591958,-72.21
62.81,-0.159460354,-72.33
62.83,-0.159350123,-72.28
62.84,-0.159813094,-72.49
62.85,-0.16001151,-72.58
62.86,-0.159813094,-72.49
62.87,-0.159438308,-72.32
62.88,-0.159261938,-72.24
62.89,-0.158931245,-72.09
62.9,-0.159813094,-72.49
62.91,-0.159217846,-72.22
62.92,-0.158380089,-71.84
62.93,-0.158887152,-72.07
62.94,-0.159967417,-72.56
62.96,-0.15983514,-72.5
62.97,-0.159923325,-72.54
62.98,-0.159702863,-72.44
62.99,-0.159791048,-72.48
63,-0.158644644,-71.96
63.01,-0.158754875,-72.01
63.02,-0.159283984,-72.25
63.03,-0.159372169,-72.29
63.04,-0.159328077,-72.27
63.05,-0.159526493,-72.36
63.06,-0.159217846,-72.22
63.08,-0.159107615,-72.17
63.09,-0.159328077,-72.27
63.1,-0.159416262,-72.31
63.11,-0.15884306,-72.05
63.12,-0.15866669,-71.97
63.13,-0.158181673,-71.75
63.14,-0.158468274,-71.88
63.15,-0.159151707,-72.19
63.16,-0.159151707,-72.19
63.17,-0.159460354,-72.33
63.19,-0.159504447,-72.35
63.2,-0.159570585,-72.38
63.21,-0.159614678,-72.4
63.22,-0.159923325,-72.54
63.23,-0.159570585,-72.38
63.24,-0.159173753,-72.2
63.25,-0.159570585,-72.38
63.26,-0.1591958,-72.21
63.27,-0.15884306,-72.05
63.28,-0.159239892,-72.23
63.29,-0.159151707,-72.19
63.31,-0.158909199,-72.08
63.32,-0.159306031,-72.26
63.33,-0.159283984,-72.25
63.34,-0.158931245,-72.09
63.35,-0.159151707,-72.19
63.36,-0.158688736,-71.98
63.37,-0.159217846,-72.22
63.38,-0.1591958,-72.21
63.39,-0.158688736,-71.98
63.4,-0.15884306,-72.05
63.41,-0.159504447,-72.35
63.42,-0.159746955,-72.46
63.44,-0.159217846,-72.22
63.45,-0.159328077,-72.27
63.46,-0.159857186,-72.51
63.47,-0.159570585,-72.38
63.48,-0.159261938,-72.24
63.49,-0.159438308,-72.32
63.5,-0.159923325,-72.54
63.51,-0.158975337,-72.11
63.52,-0.158821014,-72.04
63.53,-0.159283984,-72.25
63.54,-0.159548539,-72.37
63.56,-0.159791048,-72.48
63.57,-0.159724909,-72.45
63.58,-0.159680817,-72.43
63.59,-0.159063522,-72.15
63.6,-0.159394216,-72.3
63.61,-0.159063522,-72.15
63.62,-0.158909199,-72.08
63.63,-0.159151707,-72.19
63.64,-0.158953291,-72.1
63.65,-0.15884306,-72.05
63.67,-0.159526493,-72.36
63.68,-0.16018788,-72.66
63.69,-0.160408342,-72.76
63.7,-0.159702863,-72.44
63.71,-0.159680817,-72.43
63.72,-0.159945371,-72.55
63.73,-0.16018788,-72.66
63.74,-0.159857186,-72.51
63.75,-0.15965877,-72.42
63.76,-0.158997383,-72.12
63.78,-0.159107615,-72.17
63.79,-0.159724909,-72.45
63.8,-0.159702863,-72.44
63.81,-0.159151707,-72.19
63.82,-0.159129661,-72.18
63.83,-0.159350123,-72.28
63.84,-0.15884306,-72.05
63.85,-0.159283984,-72.25
63.86,-0.159306031,-72.26
63.87,-0.158776921,-72.02
63.88,-0.159063522,-72.15
63.9,-0.158997383,-72.12
63.91,-0.158776921,-72.02
63.92,-0.159306031,-72.26
63.93,-0.159372169,-72.29
63.94,-0.159283984,-72.25
63.95,-0.159394216,-72.3
63.96,-0.159592632,-72.39
63.97,-0.159151707,-72.19
63.98,-0.159328077,-72.27
63.99,-0.159328077,-72.27
64,-0.159283984,-72.25
64.01,-0.159438308,-72.32
64.03,-0.159173753,-72.2
64.04,-0.159394216,-72.3
64.05,-0.159923325,-72.54
64.06,-0.159217846,-72.22
64.07,-0.158754875,-72.01
64.08,-0.158821014,-72.04
64.09,-0.159261938,-72.24
64.1,-0.159702863,-72.44
64.11,-0.159041476,-72.14
64.12,-0.159416262,-72.31
64.14,-0.159636724,-72.41
64.15,-0.159261938,-72.24
64.16,-0.1594824,-72.34
64.17,-0.1591958,-72.21
64.18,-0.159129661,-72.18
64.19,-0.159261938,-72.24
64.2,-0.159416262,-72.31
64.21,-0.159504447,-72.35
64.22,-0.159460354,-72.33
64.23,-0.159041476,-72.14
64.25,-0.15901943,-72.13
64.25,-0.159217846,-72.22
64.27,-0.158953291,-72.1
64.28,-0.159217846,-72.22
64.29,-0.159306031,-72.26
64.3,-0.159746955,-72.46
64.31,-0.159901279,-72.53
64.32,-0.159592632,-72.39
64.33,-0.1591958,-72.21
64.34,-0.1591958,-72.21
64.35,-0.159769001,-72.47
64.36,-0.159085568,-72.16
64.37,-0.158424182,-71.86
64.39,-0.158556459,-71.92
64.4,-0.158291904,-71.8
64.41,-0.158754875,-72.01
64.42,-0.158909199,-72.08
64.43,-0.158798967,-72.03
64.44,-0.159063522,-72.15
64.45,-0.158953291,-72.1
64.46,-0.159151707,-72.19
64.47,-0.158997383,-72.12
64.49,-0.158600551,-71.94
64.5,-0.158622598,-71.95
64.51,-0.159107615,-72.17
64.52,-0.159041476,-72.14
64.53,-0.158710783,-71.99
64.54,-0.158600551,-71.94
64.55,-0.157939165,-71.64
64.56,-0.158622598,-71.95
64.57,-0.159460354,-72.33
64.58,-0.158159627,-71.74
64.59,-0.158115534,-71.72
64.6,-0.157740749,-71.55
64.62,-0.158798967,-72.03
64.63,-0.158622598,-71.95
64.64,-0.158203719,-71.76
64.65,-0.158688736,-71.98
64.66,-0.158512367,-71.9
64.67,-0.159570585,-72.38
64.68,-0.159570585,-72.38
64.69,-0.158754875,-72.01
64.7,-0.158137581,-71.73
64.71,-0.158688736,-71.98
64.72,-0.159239892,-72.23
64.74,-0.159460354,-72.33
64.75,-0.158798967,-72.03
64.76,-0.158534413,-71.91
64.77,-0.158710783,-71.99
64.78,-0.1591958,-72.21
64.79,-0.159283984,-72.25
64.8,-0.15965877,-72.42
64.81,-0.159813094,-72.49
64.82,-0.159636724,-72.41
64.83,-0.159085568,-72.16
64.85,-0.15901943,-72.13
64.86,-0.158578505,-71.93
64.87,-0.158181673,-71.75
64.88,-0.158931245,-72.09
64.89,-0.158953291,-72.1
64.9,-0.158732829,-72
64.91,-0.158203719,-71.76
64.92,-0.158644644,-71.96
64.93,-0.158578505,-71.93
64.94,-0.157939165,-71.64
64.95,-0.158424182,-71.86
64.96,-0.158578505,-71.93
64.98,-0.159614678,-72.4
64.99,-0.160077649,-72.61
65,-0.1591958,-72.21
65.01,-0.158688736,-71.98
65.02,-0.158644644,-71.96
65.03,-0.158247812,-71.78
65.04,-0.158291904,-71.8
65.05,-0.15884306,-72.05
65.06,-0.159526493,-72.36
65.07,-0.159570585,-72.38
65.08,-0.15983514,-72.5
65.1,-0.159173753,-72.2
65.11,-0.15901943,-72.13
65.12,-0.158909199,-72.08
65.13,-0.15866669,-71.97
65.14,-0.159041476,-72.14
65.15,-0.159394216,-72.3
65.16,-0.15983514,-72.5
65.17,-0.1591958,-72.21
65.18,-0.159173753,-72.2
65.19,-0.159857186,-72.51
65.21,-0.159504447,-72.35
65.22,-0.159173753,-72.2
65.23,-0.159261938,-72.24
65.24,-0.159680817,-72.43
65.25,-0.159350123,-72.28
65.26,-0.159570585,-72.38
65.27,-0.159901279,-72.53
65.28,-0.159923325,-72.54
65.29,-0.159813094,-72.49
65.3,-0.159724909,-72.45
65.31,-0.160033556,-72.59
65.32,-0.159702863,-72.44
65.34,-0.158953291,-72.1
65.35,-0.158821014,-72.04
65.36,-0.158534413,-71.91
65.37,-0.157983257,-71.66
65.38,-0.158247812,-71.78
65.39,-0.159394216,-72.3
65.4,-0.159239892,-72.23
65.41,-0.158997383,-72.12
65.42,-0.159217846,-72.22
65.43,-0.158953291,-72.1
65.44,-0.159217846,-72.22
65.46,-0.159283984,-72.25
65.47,-0.159879233,-72.52
65.48,-0.159394216,-72.3
65.49,-0.158534413,-71.91
65.5,-0.158975337,-72.11
65.51,-0.158644644,-71.96
65.52,-0.159173753,-72.2
65.53,-0.15901943,-72.13
65.54,-0.158556459,-71.92
65.55,-0.15901943,-72.13
65.57,-0.159570585,-72.38
65.58,-0.158732829,-72
65.59,-0.158402135,-71.85
65.6,-0.158644644,-71.96
65.61,-0.158909199,-72.08
65.62,-0.159217846,-72.22
65.63,-0.158887152,-72.07
65.64,-0.158644644,-71.96
65.65,-0.158446228,-71.87
65.66,-0.15901943,-72.13
65.67,-0.159283984,-72.25
65.69,-0.159791048,-72.48
65.7,-0.160077649,-72.61
65.71,-0.159394216,-72.3
65.72,-0.157630517,-71.5
65.73,-0.158049396,-71.69
65.74,-0.159350123,-72.28
65.75,-0.159945371,-72.55
65.76,-0.15965877,-72.42
65.77,-0.158247812,-71.78
65.78,-0.157806887,-71.58
65.79,-0.15831395,-71.81
65.81,-0.158247812,-71.78
65.82,-0.158181673,-71.75
65.83,-0.158997383,-72.12
65.84,-0.159504447,-72.35
65.85,-0.158821014,-72.04
65.86,-0.15884306,-72.05
65.87,-0.159107615,-72.17
65.88,-0.158512367,-71.9
65.89,-0.159328077,-72.27
65.9,-0.159570585,-72.38
65.92,-0.159173753,-72.2
65.93,-0.1591958,-72.21
65.94,-0.15965877,-72.42
65.95,-0.159813094,-72.49
65.96,-0.160121741,-72.63
65.97,-0.160055602,-72.6
65.98,-0.159416262,-72.31
65.99,-0.158997383,-72.12
66,-0.159261938,-72.24
66.01,-0.158975337,-72.11
66.02,-0.159085568,-72.16
66.04,-0.158909199,-72.08
66.05,-0.158291904,-71.8
66.06,-0.15884306,-72.05
66.07,-0.15965877,-72.42
66.08,-0.159283984,-72.25
66.09,-0.159129661,-72.18
66.1,-0.159283984,-72.25
66.11,-0.158776921,-72.02
66.12,-0.158335997,-71.82
66.13,-0.158225766,-71.77
66.14,-0.158754875,-72.01
66.15,-0.158688736,-71.98
66.17,-0.158909199,-72.08
66.18,-0.158798967,-72.03
66.19,-0.159151707,-72.19
66.2,-0.15983514,-72.5
66.21,-0.159901279,-72.53
66.22,-0.159394216,-72.3
66.23,-0.159306031,-72.26
66.24,-0.15965877,-72.42
66.25,-0.159923325,-72.54
66.26,-0.15983514,-72.5
66.28,-0.159791048,-72.48
66.29,-0.159041476,-72.14
66.3,-0.158975337,-72.11
66.31,-0.159504447,-72.35
66.32,-0.159394216,-72.3
66.33,-0.159769001,-72.47
66.34,-0.159548539,-72.37
66.35,-0.159217846,-72.22
66.36,-0.159283984,-72.25
66.37,-0.159173753,-72.2
66.38,-0.158534413,-71.91
66.39,-0.159041476,-72.14
66.41,-0.159570585,-72.38
66.42,-0.159085568,-72.16
66.43,-0.158534413,-71.91
66.44,-0.158049396,-71.69
66.45,-0.157961211,-71.65
66.46,-0.158622598,-71.95
66.47,-0.158335997,-71.82
66.48,-0.157983257,-71.66
66.49,-0.158754875,-72.01
66.5,-0.158887152,-72.07
66.51,-0.159239892,-72.23
66.53,-0.158578505,-71.93
66.54,-0.158159627,-71.74
66.55,-0.158049396,-71.69
66.56,-0.158534413,-71.91
66.57,-0.158512367,-71.9
66.58,-0.158644644,-71.96
66.59,-0.158644644,-71.96
66.6,-0.159129661,-72.18
66.61,-0.15901943,-72.13
66.62,-0.159063522,-72.15
66.64,-0.158732829,-72
66.65,-0.158578505,-71.93
66.66,-0.158512367,-71.9
66.67,-0.158335997,-71.82
66.68,-0.159283984,-72.25
66.69,-0.159217846,-72.22
66.7,-0.159394216,-72.3
66.71,-0.159394216,-72.3
66.72,-0.159107615,-72.17
66.73,-0.158865106,-72.06
66.74,-0.159085568,-72.16
66.75,-0.159680817,-72.43
66.77,-0.159438308,-72.32
66.78,-0.158512367,-71.9
66.79,-0.159085568,-72.16
66.8,-0.159592632,-72.39
66.81,-0.159350123,-72.28
66.82,-0.159129661,-72.18
66.83,-0.158865106,-72.06
66.84,-0.159041476,-72.14
66.85,-0.158512367,-71.9
66.86,-0.15802735,-71.68
66.88,-0.158997383,-72.12
66.89,-0.159306031,-72.26
66.9,-0.159328077,-72.27
66.91,-0.1594824,-72.34
66.92,-0.158798967,-72.03
66.93,-0.159769001,-72.47
66.94,-0.159460354,-72.33
66.95,-0.159746955,-72.46
66.96,-0.159283984,-72.25
66.97,-0.159306031,-72.26
66.99,-0.159460354,-72.33
67,-0.159372169,-72.29
67.01,-0.1591958,-72.21
67.02,-0.158909199,-72.08
67.03,-0.159769001,-72.47
67.04,-0.159394216,-72.3
67.05,-0.158997383,-72.12
67.06,-0.159724909,-72.45
67.07,-0.15983514,-72.5
67.08,-0.159372169,-72.29
67.09,-0.158798967,-72.03
67.11,-0.159129661,-72.18
67.12,-0.158975337,-72.11
67.13,-0.158512367,-71.9
67.14,-0.159129661,-72.18
67.15,-0.158622598,-71.95
67.16,-0.159239892,-72.23
67.17,-0.159173753,-72.2
67.18,-0.158909199,-72.08
67.19,-0.159350123,-72.28
67.2,-0.16001151,-72.58
67.21,-0.159460354,-72.33
67.22,-0.159460354,-72.33
67.24,-0.159350123,-72.28
67.25,-0.159306031,-72.26
67.26,-0.159416262,-72.31
67.27,-0.159724909,-72.45
67.28,-0.159636724,-72.41
67.29,-0.159702863,-72.44
67.3,-0.159085568,-72.16
67.31,-0.159085568,-72.16
67.32,-0.159526493,-72.36
67.33,-0.159879233,-72.52
67.35,-0.159217846,-72.22
67.36,-0.158534413,-71.91
67.37,-0.158402135,-71.85
67.38,-0.159217846,-72.22
67.39,-0.159173753,-72.2
67.4,-0.159724909,-72.45
67.41,-0.159592632,-72.39
67.42,-0.159680817,-72.43
67.43,-0.159173753,-72.2
67.44,-0.159702863,-72.44
67.46,-0.159526493,-72.36
67.46,-0.159636724,-72.41
67.48,-0.159085568,-72.16
67.49,-0.158997383,-72.12
67.5,-0.159350123,-72.28
67.51,-0.158644644,-71.96
67.52,-0.15884306,-72.05
67.53,-0.159438308,-72.32
67.54,-0.159261938,-72.24
67.55,-0.159306031,-72.26
67.56,-0.159283984,-72.25
67.57,-0.1591958,-72.21
67.58,-0.159107615,-72.17
67.6,-0.159085568,-72.16
67.61,-0.159283984,-72.25
67.62,-0.159085568,-72.16
67.63,-0.159041476,-72.14
67.64,-0.158865106,-72.06
67.65,-0.158446228,-71.87
67.66,-0.158335997,-71.82
67.67,-0.158732829,-72
67.68,-0.158578505,-71.93
67.69,-0.15849032,-71.89
67.71,-0.159173753,-72.2
67.72,-0.158865106,-72.06
67.73,-0.159041476,-72.14
67.74,-0.159901279,-72.53
67.75,-0.159372169,-72.29
67.76,-0.158931245,-72.09
67.77,-0.158710783,-71.99
67.78,-0.159283984,-72.25
67.79,-0.159724909,-72.45
67.8,-0.159394216,-72.3
67.81,-0.158975337,-72.11
67.83,-0.15866669,-71.97
67.84,-0.158997383,-72.12
67.85,-0.159151707,-72.19
67.86,-0.158688736,-71.98
67.87,-0.158622598,-71.95
67.88,-0.158931245,-72.09
67.89,-0.15901943,-72.13
67.9,-0.158931245,-72.09
67.91,-0.159239892,-72.23
67.92,-0.159438308,-72.32
67.93,-0.159107615,-72.17
67.94,-0.159041476,-72.14
67.96,-0.158798967,-72.03
67.97,-0.158953291,-72.1
67.98,-0.159085568,-72.16
67.99,-0.158909199,-72.08
68,-0.1594824,-72.34
68.01,-0.159460354,-72.33
68.02,-0.159217846,-72.22
68.03,-0.158975337,-72.11
68.04,-0.158997383,-72.12
68.06,-0.158931245,-72.09
68.07,-0.158468274,-71.88
68.08,-0.158269858,-71.79
68.09,-0.158402135,-71.85
68.1,-0.159085568,-72.16
68.11,-0.15901943,-72.13
68.12,-0.158931245,-72.09
68.13,-0.159151707,-72.19
68.14,-0.159570585,-72.38
68.15,-0.160077649,-72.61
68.16,-0.159283984,-72.25
68.18,-0.158931245,-72.09
68.19,-0.159724909,-72.45
68.2,-0.159217846,-72.22
68.21,-0.158754875,-72.01
68.22,-0.158821014,-72.04
68.23,-0.158644644,-71.96
68.24,-0.158468274,-71.88
68.25,-0.158821014,-72.04
68.26,-0.159283984,-72.25
68.27,-0.15884306,-72.05
68.28,-0.158688736,-71.98
68.29,-0.158600551,-71.94
68.31,-0.157983257,-71.66
68.32,-0.158424182,-71.86
68.33,-0.158358043,-71.83
68.34,-0.158424182,-71.86
68.35,-0.158269858,-71.79
68.36,-0.158225766,-71.77
68.37,-0.158754875,-72.01
68.38,-0.159460354,-72.33
68.39,-0.159239892,-72.23
68.4,-0.158269858,-71.79
68.42,-0.157917118,-71.63
68.43,-0.158137581,-71.73
68.44,-0.158622598,-71.95
68.45,-0.158556459,-71.92
68.46,-0.158358043,-71.83
68.47,-0.159548539,-72.37
68.48,-0.159306031,-72.26
68.49,-0.158821014,-72.04
68.5,-0.158909199,-72.08
68.51,-0.158269858,-71.79
68.52,-0.15802735,-71.68
68.54,-0.158710783,-71.99
68.55,-0.159813094,-72.49
68.56,-0.159173753,-72.2
68.57,-0.15866669,-71.97
68.58,-0.158335997,-71.82
68.59,-0.158291904,-71.8
68.6,-0.158578505,-71.93
68.61,-0.159306031,-72.26
68.62,-0.159394216,-72.3
68.63,-0.1591958,-72.21
68.64,-0.159592632,-72.39
68.65,-0.159548539,-72.37
68.67,-0.159085568,-72.16
68.68,-0.159261938,-72.24
68.69,-0.159063522,-72.15
68.7,-0.15849032,-71.89
68.71,-0.159041476,-72.14
68.72,-0.158865106,-72.06
68.73,-0.158931245,-72.09
68.74,-0.158997383,-72.12
68.75,-0.158710783,-71.99
68.76,-0.159857186,-72.51
68.78,-0.159702863,-72.44
68.79,-0.159328077,-72.27
68.8,-0.159129661,-72.18
68.81,-0.159129661,-72.18
68.82,-0.159085568,-72.16
68.83,-0.158909199,-72.08
68.84,-0.158512367,-71.9
68.85,-0.158534413,-71.91
68.86,-0.158975337,-72.11
68.87,-0.159504447,-72.35
68.88,-0.159570585,-72.38
68.89,-0.15884306,-72.05
68.91,-0.158732829,-72
68.92,-0.158622598,-71.95
68.93,-0.159129661,-72.18
68.94,-0.159394216,-72.3
68.95,-0.15866669,-71.97
68.96,-0.158468274,-71.88
68.97,-0.158534413,-71.91
68.98,-0.159217846,-72.22
68.99,-0.158997383,-72.12
69,-0.158909199,-72.08
69.02,-0.158975337,-72.11
69.03,-0.159350123,-72.28
69.04,-0.15901943,-72.13
69.05,-0.158402135,-71.85
69.06,-0.15831395,-71.81
69.07,-0.158798967,-72.03
69.08,-0.159614678,-72.4
69.09,-0.15965877,-72.42
69.1,-0.158600551,-71.94
69.11,-0.158887152,-72.07
69.12,-0.158821014,-72.04
69.14,-0.157917118,-71.63
69.15,-0.157873026,-71.61
69.16,-0.158137581,-71.73
69.17,-0.159306031,-72.26
69.18,-0.159923325,-72.54
69.19,-0.159217846,-72.22
69.2,-0.159306031,-72.26
69.21,-0.159063522,-72.15
69.22,-0.159107615,-72.17
69.23,-0.158622598,-71.95
69.25,-0.15866669,-71.97
69.26,-0.159063522,-72.15
69.27,-0.15884306,-72.05
69.28,-0.15849032,-71.89
69.29,-0.159129661,-72.18
69.3,-0.159217846,-72.22
69.31,-0.159217846,-72.22
69.32,-0.159416262,-72.31
69.33,-0.158754875,-72.01
69.34,-0.15849032,-71.89
69.35,-0.158754875,-72.01
69.36,-0.158644644,-71.96
69.38,-0.159438308,-72.32
69.39,-0.159967417,-72.56
69.4,-0.15901943,-72.13
69.41,-0.158424182,-71.86
69.42,-0.158225766,-71.77
69.43,-0.15866669,-71.97
69.44,-0.158424182,-71.86
69.45,-0.15802735,-71.68
69.46,-0.158600551,-71.94
69.47,-0.158887152,-72.07
69.49,-0.15901943,-72.13
69.5,-0.159460354,-72.33
69.51,-0.1594824,-72.34
69.52,-0.158865106,-72.06
69.53,-0.158512367,-71.9
69.54,-0.159372169,-72.29
69.55,-0.158975337,-72.11
69.56,-0.158865106,-72.06
69.57,-0.158887152,-72.07
69.58,-0.159283984,-72.25
69.59,-0.158931245,-72.09
69.61,-0.159085568,-72.16
69.62,-0.159261938,-72.24
69.63,-0.159129661,-72.18
69.64,-0.158269858,-71.79
69.65,-0.158446228,-71.87
69.66,-0.159283984,-72.25
69.67,-0.158798967,-72.03
69.68,-0.159239892,-72.23
69.69,-0.159504447,-72.35
69.7,-0.159173753,-72.2
69.71,-0.158732829,-72
69.72,-0.158644644,-71.96
69.74,-0.15866669,-71.97
69.75,-0.159504447,-72.35
69.76,-0.159350123,-72.28
69.77,-0.159173753,-72.2
69.78,-0.159173753,-72.2
69.79,-0.158732829,-72
69.8,-0.158644644,-71.96
69.81,-0.158953291,-72.1
69.82,-0.159261938,-72.24
69.83,-0.159614678,-72.4
69.85,-0.158622598,-71.95
69.86,-0.158821014,-72.04
69.87,-0.159063522,-72.15
69.88,-0.158137581,-71.73
69.89,-0.158732829,-72
69.9,-0.158931245,-72.09
69.91,-0.15802735,-71.68
69.92,-0.158291904,-71.8
69.93,-0.158358043,-71.83
69.94,-0.158468274,-71.88
69.95,-0.158622598,-71.95
69.96,-0.158931245,-72.09
69.98,-0.159063522,-72.15
69.99,-0.158468274,-71.88
70,-0.158798967,-72.03
70.01,-0.158909199,-72.08
70.02,-0.15849032,-71.89
70.03,-0.158600551,-71.94
70.04,-0.158269858,-71.79
70.05,-0.158446228,-71.87
70.06,-0.159283984,-72.25
70.07,-0.159283984,-72.25
70.08,-0.159548539,-72.37
70.1,-0.158644644,-71.96
70.11,-0.159085568,-72.16
70.12,-0.159261938,-72.24
70.13,-0.1591958,-72.21
70.14,-0.158578505,-71.93
70.15,-0.158291904,-71.8
70.16,-0.158622598,-71.95
70.17,-0.159041476,-72.14
70.18,-0.159261938,-72.24
70.19,-0.159063522,-72.15
70.21,-0.158468274,-71.88
70.22,-0.158821014,-72.04
70.23,-0.1594824,-72.34
70.24,-0.159746955,-72.46
70.25,-0.159769001,-72.47
70.26,-0.159085568,-72.16
70.27,-0.158512367,-71.9
70.28,-0.158644644,-71.96
70.29,-0.159548539,-72.37
70.3,-0.1591958,-72.21
70.32,-0.158776921,-72.02
70.33,-0.158556459,-71.92
70.34,-0.158975337,-72.11
70.35,-0.159129661,-72.18
70.36,-0.15884306,-72.05
70.37,-0.159570585,-72.38
70.38,-0.159151707,-72.19
70.39,-0.158997383,-72.12
70.4,-0.159548539,-72.37
70.41,-0.159173753,-72.2
70.42,-0.158776921,-72.02
70.44,-0.158622598,-71.95
70.45,-0.158732829,-72
70.46,-0.158798967,-72.03
70.47,-0.159151707,-72.19
70.48,-0.159746955,-72.46
70.49,-0.159724909,-72.45
70.5,-0.158909199,-72.08
70.51,-0.158688736,-71.98
70.52,-0.159151707,-72.19
70.53,-0.159129661,-72.18
70.54,-0.158931245,-72.09
70.56,-0.158887152,-72.07
70.57,-0.159283984,-72.25
70.58,-0.159592632,-72.39
70.59,-0.160121741,-72.63
70.6,-0.159504447,-72.35
70.61,-0.158887152,-72.07
70.62,-0.159394216,-72.3
70.63,-0.15901943,-72.13
70.64,-0.158578505,-71.93
70.65,-0.158269858,-71.79
70.67,-0.158534413,-71.91
70.68,-0.158644644,-71.96
70.69,-0.158865106,-72.06
70.7,-0.159261938,-72.24
70.71,-0.159504447,-72.35
70.72,-0.158931245,-72.09
70.73,-0.1591958,-72.21
70.74,-0.159107615,-72.17
70.75,-0.159261938,-72.24
70.76,-0.159394216,-72.3
70.77,-0.158887152,-72.07
70.79,-0.159283984,-72.25
70.79,-0.16036425,-72.74
70.81,-0.158798967,-72.03
70.82,-0.159283984,-72.25
70.83,-0.158931245,-72.09
70.84,-0.159261938,-72.24
70.85,-0.159239892,-72.23
70.86,-0.159724909,-72.45
70.87,-0.159614678,-72.4
70.88,-0.159394216,-72.3
70.89,-0.159460354,-72.33
70.9,-0.154896785,-70.26
70.92,-0.160209926,-72.67
70.93,-0.157211639,-71.31
70.94,-0.146629451,-66.51
70.95,-0.136598418,-61.96
70.96,-0.129036562,-58.53
70.97,-0.128022436,-58.07
70.98,-0.130844353,-59.35
70.99,-0.133820593,-60.7
71,-0.135319737,-61.38
71.01,-0.13717162,-62.22
71.02,-0.13915578,-63.12
71.04,-0.141580865,-64.22
71.05,-0.148304964,-67.27
71.06,-0.147908132,-67.09
71.07,-0.145946018,-66.2
71.08,-0.145747602,-66.11
71.09,-0.139817167,-63.42
71.1,-0.105182545,-47.71
71.11,-0.071363634,-32.37
71.12,-0.078705028,-35.7
71.13,-0.116514306,-52.85
71.14,-0.171806241,-77.93
71.16,-0.220506355,-100.02
71.17,-0.276261261,-125.31
71.18,-0.305957527,-138.78
71.19,-0.308713306,-140.03
71.2,-0.308294427,-139.84
71.21,-0.308669213,-140.01
71.22,-0.309110138,-140.21
71.23,-0.308867629,-140.1
71.24,-0.308647167,-140
71.25,-0.308228289,-139.81
71.26,-0.308669213,-140.01
71.28,-0.308581028,-139.97
71.29,-0.308713306,-140.03
71.3,-0.308118058,-139.76
71.31,-0.308228289,-139.81
71.32,-0.308933768,-140.13
71.33,-0.309220369,-140.26
71.34,-0.308448751,-139.91
71.35,-0.308051919,-139.73
71.36,-0.30798578,-139.7
71.37,-0.30869126,-140.02
71.39,-0.308757398,-140.05
71.4,-0.308558982,-139.96
71.41,-0.308603075,-139.98
71.42,-0.308404659,-139.89
71.43,-0.309021953,-140.17
71.44,-0.308581028,-139.97
71.45,-0.307633041,-139.54
71.46,-0.308625121,-139.99
71.47,-0.309110138,-140.21
71.48,-0.308647167,-140
71.49,-0.308955814,-140.14
71.5,-0.308140104,-139.77
71.52,-0.308470797,-139.92
71.53,-0.308140104,-139.77
71.54,-0.30780941,-139.62
71.55,-0.30897786,-140.15
71.56,-0.309462877,-140.37
71.57,-0.308647167,-140
71.58,-0.308228289,-139.81
71.59,-0.308140104,-139.77
71.6,-0.30833852,-139.86
71.61,-0.308382612,-139.88
71.62,-0.307721226,-139.58
71.64,-0.307721226,-139.58
71.65,-0.307875549,-139.65
71.66,-0.308140104,-139.77
71.67,-0.30869126,-140.02
71.68,-0.308757398,-140.05
71.69,-0.308228289,-139.81
71.7,-0.308404659,-139.89
71.71,-0.308867629,-140.1
71.72,-0.309088092,-140.2
71.73,-0.309176276,-140.24
71.75,-0.308779444,-140.06
71.76,-0.308823537,-140.08
71.77,-0.308933768,-140.13
71.78,-0.308999907,-140.16
71.79,-0.308955814,-140.14
71.8,-0.308470797,-139.92
71.81,-0.309043999,-140.18
71.82,-0.308823537,-140.08
71.83,-0.308735352,-140.04
71.84,-0.308558982,-139.96
71.85,-0.308647167,-140
71.87,-0.308581028,-139.97
71.88,-0.308184196,-139.79
71.89,-0.307853503,-139.64
71.9,-0.307588948,-139.52
71.91,-0.30816215,-139.78
71.92,-0.308779444,-140.06
71.93,-0.308625121,-139.99
71.94,-0.308492843,-139.93
71.95,-0.308426705,-139.9
71.96,-0.308933768,-140.13
71.97,-0.308625121,-139.99
71.99,-0.308713306,-140.03
72,-0.309198323,-140.25
72.01,-0.309286508,-140.29
72.02,-0.309529016,-140.4
72.03,-0.308955814,-140.14
72.04,-0.308228289,-139.81
72.05,-0.308404659,-139.89
72.06,-0.308647167,-140
72.07,-0.308360566,-139.87
72.08,-0.308272381,-139.83
72.1,-0.308669213,-140.01
72.11,-0.308536936,-139.95
72.12,-0.308140104,-139.77
72.13,-0.308294427,-139.84
72.14,-0.308669213,-140.01
72.15,-0.308448751,-139.91
72.16,-0.308581028,-139.97
72.17,-0.308316474,-139.85
72.18,-0.308073965,-139.74
72.19,-0.308140104,-139.77
72.2,-0.308581028,-139.97
72.21,-0.308404659,-139.89
72.23,-0.307544856,-139.5
72.24,-0.307765318,-139.6
72.25,-0.308558982,-139.96
72.26,-0.309088092,-140.2
72.27,-0.30869126,-140.02
72.28,-0.308073965,-139.74
72.29,-0.308581028,-139.97
72.3,-0.308536936,-139.95
72.31,-0.308889676,-140.11
72.32,-0.309220369,-140.26
72.33,-0.309021953,-140.17
72.35,-0.308096011,-139.75
72.36,-0.308250335,-139.82
72.37,-0.308404659,-139.89
72.38,-0.308536936,-139.95
72.39,-0.308206243,-139.8
72.4,-0.307875549,-139.65
72.41,-0.308294427,-139.84
72.42,-0.307699179,-139.57
72.43,-0.307655087,-139.55
72.44,-0.308536936,-139.95
72.46,-0.308823537,-140.08
72.47,-0.307963734,-139.69
72.48,-0.307941688,-139.68
72.49,-0.30816215,-139.78
72.5,-0.308184196,-139.79
72.51,-0.308735352,-140.04
72.52,-0.308801491,-140.07
72.53,-0.308272381,-139.83
72.54,-0.308228289,-139.81
72.55,-0.30851489,-139.94
72.57,-0.308536936,-139.95
72.57,-0.308448751,-139.91
72.59,-0.307919642,-139.67
72.6,-0.308470797,-139.92
72.61,-0.308823537,-140.08
72.62,-0.308669213,-140.01
72.63,-0.309198323,-140.25
72.64,-0.307765318,-139.6
72.65,-0.307941688,-139.68
72.66,-0.308404659,-139.89
72.67,-0.308536936,-139.95
72.68,-0.308316474,-139.85
72.69,-0.308316474,-139.85
72.71,-0.308669213,-140.01
72.72,-0.308206243,-139.8
72.73,-0.308889676,-140.11
72.74,-0.309242415,-140.27
72.75,-0.308536936,-139.95
72.76,-0.30869126,-140.02
72.77,-0.30869126,-140.02
72.78,-0.308779444,-140.06
72.79,-0.308426705,-139.9
72.81,-0.307853503,-139.64
72.82,-0.308316474,-139.85
72.83,-0.308823537,-140.08
72.84,-0.30869126,-140.02
72.85,-0.308536936,-139.95
72.86,-0.308757398,-140.05
72.87,-0.308470797,-139.92
72.88,-0.309043999,-140.18
72.89,-0.308492843,-139.93
72.9,-0.308073965,-139.74
72.91,-0.308206243,-139.8
72.93,-0.307853503,-139.64
72.93,-0.307897595,-139.66
72.95,-0.308250335,-139.82
72.96,-0.30851489,-139.94
72.97,-0.309573109,-140.42
72.98,-0.308955814,-140.14
72.99,-0.308757398,-140.05
73,-0.308625121,-139.99
73.01,-0.308272381,-139.83
73.02,-0.308801491,-140.07
73.03,-0.309132184,-140.22
73.04,-0.308801491,-140.07
73.06,-0.30897786,-140.15
73.07,-0.309440831,-140.36
73.08,-0.30869126,-140.02
73.09,-0.30833852,-139.86
73.1,-0.308184196,-139.79
73.11,-0.308999907,-140.16
73.12,-0.308603075,-139.98
73.13,-0.308801491,-140.07
73.14,-0.309484924,-140.38
73.15,-0.309617201,-140.44
73.17,-0.309573109,-140.42
73.18,-0.309021953,-140.17
73.19,-0.308316474,-139.85
73.2,-0.308073965,-139.74
73.21,-0.308625121,-139.99
73.22,-0.308955814,-140.14
73.23,-0.308889676,-140.11
73.24,-0.308470797,-139.92
73.25,-0.308140104,-139.77
73.26,-0.309021953,-140.17
73.27,-0.308581028,-139.97
73.29,-0.308228289,-139.81
73.3,-0.308735352,-140.04
73.31,-0.308867629,-140.1
73.32,-0.308911722,-140.12
73.33,-0.30897786,-140.15
73.34,-0.30897786,-140.15
73.35,-0.30915423,-140.23
73.36,-0.308801491,-140.07
73.37,-0.309021953,-140.17
73.39,-0.308889676,-140.11
73.39,-0.308536936,-139.95
73.4,-0.308096011,-139.75
73.42,-0.307831457,-139.63
73.43,-0.30798578,-139.7
73.44,-0.308625121,-139.99
73.45,-0.308999907,-140.16
73.46,-0.308801491,-140.07
73.47,-0.308316474,-139.85
73.48,-0.308184196,-139.79
73.49,-0.308558982,-139.96
73.5,-0.308470797,-139.92
73.51,-0.308669213,-140.01
73.53,-0.307765318,-139.6
73.54,-0.307588948,-139.52
73.55,-0.30798578,-139.7
73.56,-0.308757398,-140.05
73.57,-0.3093306,-140.31
73.58,-0.309242415,-140.27
73.59,-0.308955814,-140.14
73.6,-0.308911722,-140.12
73.61,-0.308184196,-139.79
73.62,-0.307655087,-139.55
73.63,-0.30798578,-139.7
73.64,-0.308404659,-139.89
73.66,-0.308801491,-140.07
73.67,-0.308492843,-139.93
73.68,-0.308382612,-139.88
73.69,-0.308713306,-140.03
73.7,-0.30833852,-139.86
73.71,-0.307368486,-139.42
73.72,-0.307875549,-139.65
73.73,-0.308603075,-139.98
73.74,-0.308955814,-140.14
73.75,-0.30915423,-140.23
73.76,-0.308911722,-140.12
73.78,-0.30816215,-139.78
73.79,-0.308272381,-139.83
73.8,-0.308448751,-139.91
73.81,-0.30915423,-140.23
73.82,-0.309066045,-140.19
73.83,-0.308536936,-139.95
73.84,-0.307897595,-139.66
73.85,-0.30897786,-140.15
73.86,-0.308669213,-140.01
73.87,-0.308250335,-139.82
73.89,-0.308867629,-140.1
73.9,-0.308448751,-139.91
73.91,-0.308007826,-139.71
73.92,-0.30816215,-139.78
73.93,-0.309176276,-140.24
73.94,-0.308911722,-140.12
73.95,-0.308757398,-140.05
73.96,-0.309374693,-140.33
73.97,-0.308669213,-140.01
73.98,-0.308404659,-139.89
74,-0.308669213,-140.01
74,-0.308316474,-139.85
74.02,-0.308911722,-140.12
74.03,-0.309021953,-140.17
74.04,-0.308713306,-140.03
74.05,-0.308647167,-140
74.06,-0.308823537,-140.08
74.07,-0.308272381,-139.83
74.08,-0.308051919,-139.73
74.09,-0.308316474,-139.85
74.1,-0.30798578,-139.7
74.11,-0.307919642,-139.67
74.13,-0.308118058,-139.76
74.14,-0.308007826,-139.71
74.15,-0.308184196,-139.79
74.16,-0.308713306,-140.03
74.17,-0.308955814,-140.14
74.18,-0.308669213,-140.01
74.19,-0.308470797,-139.92
74.2,-0.308603075,-139.98
74.21,-0.308713306,-140.03
74.22,-0.30798578,-139.7
74.24,-0.307853503,-139.64
74.25,-0.30798578,-139.7
74.26,-0.308228289,-139.81
74.27,-0.308404659,-139.89
74.28,-0.308845583,-140.09
74.29,-0.308360566,-139.87
74.3,-0.307743272,-139.59
74.31,-0.307897595,-139.66
74.32,-0.308140104,-139.77
74.33,-0.308096011,-139.75
74.34,-0.307721226,-139.58
74.36,-0.308294427,-139.84
74.37,-0.309043999,-140.18
74.38,-0.308735352,-140.04
74.39,-0.308250335,-139.82
74.4,-0.308140104,-139.77
74.41,-0.308250335,-139.82
74.42,-0.308889676,-140.11
74.43,-0.308625121,-139.99
74.44,-0.308735352,-140.04
74.45,-0.309286508,-140.29
74.46,-0.308713306,-140.03
74.47,-0.308801491,-140.07
74.49,-0.308889676,-140.11
74.5,-0.308801491,-140.07
74.51,-0.308029873,-139.72
74.52,-0.308360566,-139.87
74.53,-0.308294427,-139.84
74.54,-0.308140104,-139.77
74.55,-0.30816215,-139.78
74.56,-0.308272381,-139.83
74.57,-0.308492843,-139.93
74.58,-0.308779444,-140.06
74.6,-0.308625121,-139.99
74.61,-0.308007826,-139.71
74.62,-0.308558982,-139.96
74.63,-0.30897786,-140.15
74.64,-0.308603075,-139.98
74.65,-0.308492843,-139.93
74.66,-0.308073965,-139.74
74.67,-0.308492843,-139.93
74.68,-0.30915423,-140.23
74.69,-0.309352646,-140.32
74.7,-0.308999907,-140.16
74.71,-0.308647167,-140
74.73,-0.309242415,-140.27
74.74,-0.308867629,-140.1
74.75,-0.308867629,-140.1
74.76,-0.308470797,-139.92
74.77,-0.308581028,-139.97
74.78,-0.308889676,-140.11
74.79,-0.307919642,-139.67
74.8,-0.308426705,-139.9
74.81,-0.308294427,-139.84
74.82,-0.308911722,-140.12
74.83,-0.309088092,-140.2
74.85,-0.308051919,-139.73
74.86,-0.307699179,-139.57
74.87,-0.308536936,-139.95
74.88,-0.308647167,-140
74.89,-0.308007826,-139.71
74.9,-0.30734644,-139.41
74.91,-0.307544856,-139.5
74.92,-0.30833852,-139.86
74.93,-0.308382612,-139.88
74.94,-0.307699179,-139.57
74.96,-0.308426705,-139.9
74.97,-0.308603075,-139.98
74.98,-0.308536936,-139.95
74.99,-0.30915423,-140.23
75,-0.30833852,-139.86
75.01,-0.307544856,-139.5
75.02,-0.307721226,-139.58
75.03,-0.308272381,-139.83
75.04,-0.308713306,-140.03
75.05,-0.308779444,-140.06
75.06,-0.308779444,-140.06
75.08,-0.308669213,-140.01
75.09,-0.308360566,-139.87
75.1,-0.30833852,-139.86
75.11,-0.308118058,-139.76
75.12,-0.307787364,-139.61
75.13,-0.308404659,-139.89
75.14,-0.30869126,-140.02
75.15,-0.309308554,-140.3
75.16,-0.309220369,-140.26
75.17,-0.308647167,-140
75.18,-0.307897595,-139.66
75.2,-0.308140104,-139.77
75.21,-0.308647167,-140
75.22,-0.307941688,-139.68
75.23,-0.30717007,-139.33
75.24,-0.308448751,-139.91
75.25,-0.308581028,-139.97
75.26,-0.307963734,-139.69
75.27,-0.308382612,-139.88
75.28,-0.309043999,-140.18
75.29,-0.308933768,-140.13
75.31,-0.308294427,-139.84
75.32,-0.308096011,-139.75
75.33,-0.308206243,-139.8
75.34,-0.308625121,-139.99
75.35,-0.308999907,-140.16
75.36,-0.308603075,-139.98
75.37,-0.308228289,-139.81
75.38,-0.308272381,-139.83
75.39,-0.30915423,-140.23
75.4,-0.308779444,-140.06
75.41,-0.308536936,-139.95
75.43,-0.308184196,-139.79
75.44,-0.307875549,-139.65
75.45,-0.307721226,-139.58
75.46,-0.308096011,-139.75
75.47,-0.308096011,-139.75
75.48,-0.308603075,-139.98
75.49,-0.308647167,-140
75.5,-0.308625121,-139.99
75.51,-0.308448751,-139.91
75.52,-0.308184196,-139.79
75.53,-0.307677133,-139.56
75.54,-0.308470797,-139.92
75.56,-0.308647167,-140
75.57,-0.307875549,-139.65
75.58,-0.308007826,-139.71
75.59,-0.308272381,-139.83
75.6,-0.308867629,-140.1
75.61,-0.308757398,-140.05
75.62,-0.309132184,-140.22
75.63,-0.308889676,-140.11
75.64,-0.30780941,-139.62
75.65,-0.308536936,-139.95
75.67,-0.30869126,-140.02
75.68,-0.308426705,-139.9
75.69,-0.308823537,-140.08
75.7,-0.308625121,-139.99
75.71,-0.308536936,-139.95
75.72,-0.309396739,-140.34
75.73,-0.309286508,-140.29
75.74,-0.308933768,-140.13
75.75,-0.308933768,-140.13
75.76,-0.30869126,-140.02
75.77,-0.307919642,-139.67
75.79,-0.307500763,-139.48
75.8,-0.307677133,-139.56
75.81,-0.308316474,-139.85
75.82,-0.308294427,-139.84
75.83,-0.308096011,-139.75
75.84,-0.308007826,-139.71
75.85,-0.30816215,-139.78
75.86,-0.308669213,-140.01
75.87,-0.308316474,-139.85
75.88,-0.308184196,-139.79
75.89,-0.30851489,-139.94
75.9,-0.308272381,-139.83
75.92,-0.307963734,-139.69
75.93,-0.307787364,-139.61
75.94,-0.308184196,-139.79
75.95,-0.307963734,-139.69
75.96,-0.30780941,-139.62
75.97,-0.30851489,-139.94
75.98,-0.30798578,-139.7
75.99,-0.307963734,-139.69
76,-0.307963734,-139.69
76.01,-0.308206243,-139.8
76.03,-0.308713306,-140.03
76.04,-0.309088092,-140.2
76.05,-0.308140104,-139.77
76.06,-0.30851489,-139.94
76.07,-0.308294427,-139.84
76.08,-0.30816215,-139.78
76.09,-0.307853503,-139.64
76.1,-0.308140104,-139.77
76.11,-0.308228289,-139.81
76.12,-0.308096011,-139.75
76.14,-0.308581028,-139.97
76.14,-0.308647167,-140
76.16,-0.308625121,-139.99
76.17,-0.308647167,-140
76.18,-0.308448751,-139.91
76.19,-0.307897595,-139.66
76.2,-0.307588948,-139.52
76.21,-0.308140104,-139.77
76.22,-0.30915423,-140.23
76.23,-0.308845583,-140.09
76.24,-0.30851489,-139.94
76.25,-0.307963734,-139.69
76.27,-0.308228289,-139.81
76.28,-0.308911722,-140.12
76.29,-0.308426705,-139.9
76.3,-0.308051919,-139.73
76.31,-0.308228289,-139.81
76.32,-0.308073965,-139.74
76.33,-0.307478717,-139.47
76.34,-0.307390532,-139.43
76.35,-0.307368486,-139.42
76.36,-0.307875549,-139.65
76.37,-0.308051919,-139.73
76.39,-0.308581028,-139.97
76.4,-0.308669213,-140.01
76.41,-0.308228289,-139.81
76.42,-0.308492843,-139.93
76.43,-0.308206243,-139.8
76.44,-0.307655087,-139.55
76.45,-0.307831457,-139.63
76.46,-0.308051919,-139.73
76.47,-0.307919642,-139.67
76.49,-0.308294427,-139.84
76.5,-0.307677133,-139.56
76.51,-0.30752281,-139.49
76.52,-0.307655087,-139.55
76.53,-0.308206243,-139.8
76.54,-0.308713306,-140.03
76.55,-0.308713306,-140.03
76.56,-0.308007826,-139.71
76.57,-0.30851489,-139.94
76.58,-0.308603075,-139.98
76.59,-0.308294427,-139.84
76.6,-0.307963734,-139.69
76.61,-0.307588948,-139.52
76.63,-0.307655087,-139.55
76.64,-0.308206243,-139.8
76.65,-0.307831457,-139.63
76.66,-0.307721226,-139.58
76.67,-0.30798578,-139.7
76.68,-0.307963734,-139.69
76.69,-0.307941688,-139.68
76.7,-0.308757398,-140.05
76.71,-0.309021953,-140.17
76.72,-0.308294427,-139.84
76.74,-0.307699179,-139.57
76.75,-0.307434625,-139.45
76.76,-0.308581028,-139.97
76.77,-0.308558982,-139.96
76.78,-0.308470797,-139.92
76.79,-0.308867629,-140.1
76.8,-0.308757398,-140.05
76.81,-0.308492843,-139.93
76.82,-0.308096011,-139.75
76.83,-0.308073965,-139.74
76.84,-0.308647167,-140
76.86,-0.308492843,-139.93
76.87,-0.308316474,-139.85
76.88,-0.307963734,-139.69
76.89,-0.308250335,-139.82
76.9,-0.307655087,-139.55
76.91,-0.308051919,-139.73
76.92,-0.307897595,-139.66
76.93,-0.307765318,-139.6
76.94,-0.308118058,-139.76
76.95,-0.308581028,-139.97
76.96,-0.30780941,-139.62
76.97,-0.307831457,-139.63
76.99,-0.307765318,-139.6
77,-0.307875549,-139.65
77.01,-0.308051919,-139.73
77.02,-0.308845583,-140.09
77.03,-0.308625121,-139.99
77.04,-0.308096011,-139.75
77.05,-0.308294427,-139.84
77.06,-0.308140104,-139.77
77.07,-0.307919642,-139.67
77.08,-0.307787364,-139.61
77.1,-0.308360566,-139.87
77.11,-0.308470797,-139.92
77.12,-0.308294427,-139.84
77.13,-0.308492843,-139.93
77.14,-0.308118058,-139.76
77.15,-0.308118058,-139.76
77.16,-0.308867629,-140.1
77.17,-0.309066045,-140.19
77.18,-0.308360566,-139.87
77.19,-0.307853503,-139.64
77.2,-0.307963734,-139.69
77.21,-0.308007826,-139.71
77.23,-0.308316474,-139.85
77.24,-0.30798578,-139.7
77.25,-0.30752281,-139.49
77.26,-0.307610994,-139.53
77.27,-0.308029873,-139.72
77.28,-0.307919642,-139.67
77.29,-0.308867629,-140.1
77.3,-0.308228289,-139.81
77.31,-0.307610994,-139.53
77.32,-0.307963734,-139.69
77.34,-0.307588948,-139.52
77.35,-0.307941688,-139.68
77.36,-0.308779444,-140.06
77.37,-0.308272381,-139.83
77.38,-0.30798578,-139.7
77.39,-0.308404659,-139.89
77.4,-0.308272381,-139.83
77.41,-0.308581028,-139.97
77.42,-0.308404659,-139.89
77.43,-0.308029873,-139.72
77.44,-0.308250335,-139.82
77.46,-0.308448751,-139.91
77.47,-0.30833852,-139.86
77.48,-0.308294427,-139.84
77.49,-0.308404659,-139.89
77.5,-0.308536936,-139.95
77.51,-0.308625121,-139.99
77.52,-0.308184196,-139.79
77.53,-0.308206243,-139.8
77.54,-0.30816215,-139.78
77.55,-0.30798578,-139.7
77.57,-0.308228289,-139.81
77.58,-0.309220369,-140.26
77.59,-0.308228289,-139.81
77.6,-0.308051919,-139.73
77.61,-0.309088092,-140.2
77.62,-0.308669213,-140.01
77.63,-0.308206243,-139.8
77.64,-0.308448751,-139.91
77.65,-0.30851489,-139.94
77.66,-0.30851489,-139.94
77.67,-0.307897595,-139.66
77.68,-0.308889676,-140.11
77.7,-0.309021953,-140.17
77.71,-0.308294427,-139.84
77.72,-0.307721226,-139.58
77.73,-0.307765318,-139.6
77.74,-0.308184196,-139.79
77.75,-0.307787364,-139.61
77.76,-0.307699179,-139.57
77.77,-0.308448751,-139.91
77.78,-0.308735352,-140.04
77.79,-0.30833852,-139.86
77.81,-0.30780941,-139.62
77.82,-0.308250335,-139.82
77.83,-0.30816215,-139.78
77.84,-0.308316474,-139.85
77.85,-0.307897595,-139.66
77.86,-0.307699179,-139.57
77.87,-0.308029873,-139.72
77.88,-0.309242415,-140.27
77.89,-0.309132184,-140.22
77.9,-0.307566902,-139.51
77.91,-0.307588948,-139.52
77.93,-0.307633041,-139.54
77.94,-0.307897595,-139.66
77.95,-0.307677133,-139.56
77.96,-0.307721226,-139.58
77.97,-0.308823537,-140.08
77.98,-0.309110138,-140.21
77.99,-0.308558982,-139.96
78,-0.30798578,-139.7
78.01,-0.307941688,-139.68
78.02,-0.30869126,-140.02
78.04,-0.308581028,-139.97
78.05,-0.30798578,-139.7
78.06,-0.307897595,-139.66
78.07,-0.30780941,-139.62
78.08,-0.307853503,-139.64
78.09,-0.308669213,-140.01
78.1,-0.308448751,-139.91
78.11,-0.308228289,-139.81
78.12,-0.30897786,-140.15
78.13,-0.308999907,-140.16
78.14,-0.308536936,-139.95
78.15,-0.308140104,-139.77
78.17,-0.308051919,-139.73
78.18,-0.308294427,-139.84
78.19,-0.308140104,-139.77
78.2,-0.308647167,-140
78.21,-0.308250335,-139.82
78.22,-0.307699179,-139.57
78.23,-0.308007826,-139.71
78.24,-0.308272381,-139.83
78.25,-0.308206243,-139.8
78.26,-0.30869126,-140.02
78.28,-0.309308554,-140.3
78.29,-0.309043999,-140.18
78.3,-0.308536936,-139.95
78.31,-0.30851489,-139.94
78.32,-0.308581028,-139.97
78.33,-0.30851489,-139.94
78.34,-0.30851489,-139.94
78.35,-0.30816215,-139.78
78.36,-0.308426705,-139.9
78.37,-0.308647167,-140
78.38,-0.30869126,-140.02
78.39,-0.308426705,-139.9
78.41,-0.308294427,-139.84
78.42,-0.308581028,-139.97
78.43,-0.308911722,-140.12
78.44,-0.308536936,-139.95
78.45,-0.308096011,-139.75
78.46,-0.308073965,-139.74
78.47,-0.308360566,-139.87
78.48,-0.307787364,-139.61
78.49,-0.307544856,-139.5
78.5,-0.30851489,-139.94
78.51,-0.308184196,-139.79
78.53,-0.308206243,-139.8
78.54,-0.30798578,-139.7
78.55,-0.307743272,-139.59
78.56,-0.30833852,-139.86
78.57,-0.308184196,-139.79
78.58,-0.307787364,-139.61
78.59,-0.307831457,-139.63
78.6,-0.307897595,-139.66
78.61,-0.308007826,-139.71
78.62,-0.308647167,-140
78.64,-0.309043999,-140.18
78.65,-0.308933768,-140.13
78.66,-0.308823537,-140.08
78.67,-0.308669213,-140.01
78.68,-0.308294427,-139.84
78.69,-0.308250335,-139.82
78.7,-0.308713306,-140.03
78.71,-0.309110138,-140.21
78.72,-0.308558982,-139.96
78.73,-0.307941688,-139.68
78.74,-0.307588948,-139.52
78.75,-0.308250335,-139.82
78.77,-0.309132184,-140.22
78.78,-0.308955814,-140.14
78.79,-0.308801491,-140.07
78.8,-0.308184196,-139.79
78.81,-0.308228289,-139.81
78.82,-0.30897786,-140.15
78.83,-0.308448751,-139.91
78.84,-0.308426705,-139.9
78.85,-0.308779444,-140.06
78.86,-0.30851489,-139.94
78.87,-0.308669213,-140.01
78.89,-0.308845583,-140.09
78.9,-0.30897786,-140.15
78.91,-0.308647167,-140
78.92,-0.308713306,-140.03
78.93,-0.308426705,-139.9
78.94,-0.308647167,-140
78.95,-0.308603075,-139.98
78.96,-0.308051919,-139.73
78.97,-0.308360566,-139.87
78.99,-0.308713306,-140.03
79,-0.308073965,-139.74
79.01,-0.307302347,-139.39
79.02,-0.307765318,-139.6
79.03,-0.307875549,-139.65
79.04,-0.307610994,-139.53
79.05,-0.307919642,-139.67
79.06,-0.307919642,-139.67
79.07,-0.30798578,-139.7
79.08,-0.30816215,-139.78
79.09,-0.308492843,-139.93
79.11,-0.308713306,-140.03
79.12,-0.309066045,-140.19
79.13,-0.308735352,-140.04
79.14,-0.308294427,-139.84
79.15,-0.307721226,-139.58
79.16,-0.308470797,-139.92
79.17,-0.308625121,-139.99
79.18,-0.308272381,-139.83
79.19,-0.308779444,-140.06
79.2,-0.308647167,-140
79.21,-0.308426705,-139.9
79.22,-0.308823537,-140.08
79.24,-0.309066045,-140.19
79.25,-0.30816215,-139.78
79.26,-0.308029873,-139.72
79.27,-0.308448751,-139.91
79.28,-0.309021953,-140.17
79.29,-0.309264461,-140.28
79.3,-0.308713306,-140.03
79.31,-0.308250335,-139.82
79.32,-0.308426705,-139.9
79.33,-0.308360566,-139.87
79.34,-0.308250335,-139.82
79.36,-0.307941688,-139.68
79.37,-0.308448751,-139.91
79.38,-0.308955814,-140.14
79.39,-0.308470797,-139.92
79.4,-0.307831457,-139.63
79.41,-0.307280301,-139.38
79.42,-0.307941688,-139.68
79.43,-0.309352646,-140.32
79.44,-0.308625121,-139.99
79.45,-0.307699179,-139.57
79.46,-0.307919642,-139.67
79.48,-0.308603075,-139.98
79.49,-0.308404659,-139.89
79.5,-0.308206243,-139.8
79.51,-0.308382612,-139.88
79.52,-0.308625121,-139.99
79.53,-0.309396739,-140.34
79.54,-0.308073965,-139.74
79.55,-0.308184196,-139.79
79.56,-0.307853503,-139.64
79.57,-0.307721226,-139.58
79.58,-0.308911722,-140.12
79.6,-0.308448751,-139.91
79.61,-0.308184196,-139.79
79.62,-0.308558982,-139.96
79.63,-0.30833852,-139.86
79.64,-0.307633041,-139.54
79.65,-0.307765318,-139.6
79.66,-0.308713306,-140.03
79.67,-0.308404659,-139.89
79.68,-0.30798578,-139.7
79.69,-0.30833852,-139.86
79.71,-0.308757398,-140.05
79.72,-0.30816215,-139.78
79.73,-0.307677133,-139.56
79.74,-0.308184196,-139.79
79.75,-0.307897595,-139.66
79.76,-0.307478717,-139.47
79.77,-0.307699179,-139.57
79.78,-0.307765318,-139.6
79.79,-0.30869126,-140.02
79.8,-0.308757398,-140.05
79.81,-0.308272381,-139.83
79.82,-0.308558982,-139.96
79.84,-0.308051919,-139.73
79.85,-0.307677133,-139.56
79.86,-0.307787364,-139.61
79.87,-0.307655087,-139.55
79.88,-0.308448751,-139.91
79.89,-0.308625121,-139.99
79.9,-0.308140104,-139.77
79.91,-0.307588948,-139.52
79.92,-0.308470797,-139.92
79.93,-0.308558982,-139.96
79.94,-0.308603075,-139.98
79.96,-0.307787364,-139.61
79.97,-0.307743272,-139.59
79.98,-0.308096011,-139.75
79.99,-0.308051919,-139.73
80,-0.30851489,-139.94
80.01,-0.308426705,-139.9
80.02,-0.308007826,-139.71
80.03,-0.307897595,-139.66
80.04,-0.307610994,-139.53
80.05,-0.308007826,-139.71
80.07,-0.30851489,-139.94
80.08,-0.308073965,-139.74
80.09,-0.30833852,-139.86
80.1,-0.308470797,-139.92
80.11,-0.308140104,-139.77
80.12,-0.308029873,-139.72
80.13,-0.308603075,-139.98
80.14,-0.308558982,-139.96
80.15,-0.308029873,-139.72
80.16,-0.307787364,-139.61
80.17,-0.307831457,-139.63
80.18,-0.307919642,-139.67
80.2,-0.308360566,-139.87
80.21,-0.308140104,-139.77
80.22,-0.307500763,-139.48
80.23,-0.307677133,-139.56
80.24,-0.307919642,-139.67
80.25,-0.308140104,-139.77
80.26,-0.308029873,-139.72
80.27,-0.307500763,-139.48
80.28,-0.308073965,-139.74
80.29,-0.308581028,-139.97
80.31,-0.308096011,-139.75
80.32,-0.308603075,-139.98
80.33,-0.308470797,-139.92
80.34,-0.308029873,-139.72
80.35,-0.307831457,-139.63
80.36,-0.30798578,-139.7
80.37,-0.307456671,-139.46
80.38,-0.307743272,-139.59
80.39,-0.308382612,-139.88
80.4,-0.308140104,-139.77
80.41,-0.307787364,-139.61
80.43,-0.308426705,-139.9
80.44,-0.30833852,-139.86
80.45,-0.308073965,-139.74
80.46,-0.307897595,-139.66
80.47,-0.307919642,-139.67
80.48,-0.308426705,-139.9
80.49,-0.308360566,-139.87
80.5,-0.30833852,-139.86
80.51,-0.308118058,-139.76
80.52,-0.30752281,-139.49
80.54,-0.307280301,-139.38
80.55,-0.308073965,-139.74
80.56,-0.30833852,-139.86
80.57,-0.308051919,-139.73
80.58,-0.308073965,-139.74
80.59,-0.308118058,-139.76
80.6,-0.308206243,-139.8
80.61,-0.308360566,-139.87
80.62,-0.308470797,-139.92
80.63,-0.308713306,-140.03
80.64,-0.308448751,-139.91
80.65,-0.30833852,-139.86
80.67,-0.308073965,-139.74
80.68,-0.307963734,-139.69
80.69,-0.307743272,-139.59
80.7,-0.30816215,-139.78
80.71,-0.308360566,-139.87
80.72,-0.308581028,-139.97
80.73,-0.308272381,-139.83
80.74,-0.308558982,-139.96
80.75,-0.308184196,-139.79
80.76,-0.307941688,-139.68
80.78,-0.307941688,-139.68
80.79,-0.308360566,-139.87
80.8,-0.308757398,-140.05
80.81,-0.308933768,-140.13
80.82,-0.308140104,-139.77
80.83,-0.308801491,-140.07
80.84,-0.30897786,-140.15
80.85,-0.308647167,-140
80.86,-0.308647167,-140
80.87,-0.308536936,-139.95
80.89,-0.308007826,-139.71
80.89,-0.308029873,-139.72
80.91,-0.30734644,-139.41
80.92,-0.308426705,-139.9
80.93,-0.307941688,-139.68
80.94,-0.307941688,-139.68
80.95,-0.307743272,-139.59
80.96,-0.308007826,-139.71
80.97,-0.308250335,-139.82
80.98,-0.308360566,-139.87
80.99,-0.308140104,-139.77
81,-0.308250335,-139.82
81.02,-0.308713306,-140.03
81.03,-0.30897786,-140.15
81.04,-0.308757398,-140.05
81.05,-0.308470797,-139.92
81.06,-0.30851489,-139.94
81.07,-0.307875549,-139.65
81.08,-0.30869126,-140.02
81.09,-0.308801491,-140.07
81.1,-0.308228289,-139.81
81.11,-0.308007826,-139.71
81.12,-0.308118058,-139.76
81.14,-0.308073965,-139.74
81.15,-0.307721226,-139.58
81.16,-0.308625121,-139.99
81.17,-0.30816215,-139.78
81.18,-0.30833852,-139.86
81.19,-0.308867629,-140.1
81.2,-0.308228289,-139.81
81.21,-0.308316474,-139.85
81.22,-0.30798578,-139.7
81.23,-0.30734644,-139.41
81.25,-0.30734644,-139.41
81.25,-0.308250335,-139.82
81.27,-0.308316474,-139.85
81.28,-0.308272381,-139.83
81.29,-0.30798578,-139.7
81.3,-0.307963734,-139.69
81.31,-0.308250335,-139.82
81.32,-0.308184196,-139.79
81.33,-0.308051919,-139.73
81.34,-0.307765318,-139.6
81.35,-0.307721226,-139.58
81.36,-0.308294427,-139.84
81.38,-0.308118058,-139.76
81.39,-0.308382612,-139.88
81.4,-0.307875549,-139.65
81.41,-0.308250335,-139.82
81.42,-0.30816215,-139.78
81.43,-0.30780941,-139.62
81.44,-0.308250335,-139.82
81.45,-0.308801491,-140.07
81.46,-0.308184196,-139.79
81.47,-0.308007826,-139.71
81.49,-0.308735352,-140.04
81.5,-0.308955814,-140.14
81.51,-0.308382612,-139.88
81.52,-0.307368486,-139.42
